139.5,139.5,135.699997,136.300003
136.300003,137.75,134.300003,134.949997
137.449997,138.149994,130,133.25
133.600006,133.949997,129.350006,131.600006
131.949997,135.100006,131,132.600006
133.199997,133.199997,122.25,124.199997
123.699997,124.949997,120.349998,121.25
123,124.699997,117.400002,118
119.5,121.949997,117.650002,121.199997
121,122.5,119.949997,121.25
121.900002,121.900002,117.25,120.849998
121,121.75,118.099998,119
119.949997,119.949997,116.150002,116.650002
117.25,118.349998,115.099998,116.599998
117.099998,119.199997,114.349998,115.800003
116.900002,119,115.300003,118.550003
117.400002,119.400002,117.199997,118
118.5,120,117.400002,118.25
118.75,120.349998,117.800003,119.949997
119.900002,121.75,119,121.400002
122,123.099998,120.400002,121.400002
121,125.5,120.599998,121.849998
122.599998,122.800003,119.849998,121.199997
121.199997,121.949997,120.150002,120.599998
121.150002,126,119.599998,125.449997
126.900002,130.899994,126.099998,129.399994
130.050003,132.800003,127.199997,130.399994
130.399994,130.850006,123.099998,124.550003
123.75,126.400002,122.650002,125.800003
126.5,127.349998,123.699997,124.199997
125.5,126.449997,123.900002,125.849998
126,127.25,124.949997,125.849998
125.849998,125.849998,121.699997,122
122.400002,124.599998,120.599998,124.099998
124.699997,128.300003,123.300003,127.25
127.650002,127.650002,121.099998,121.400002
122,122.699997,116.900002,118
117.900002,119.300003,115.949997,118.300003
119.550003,119.550003,112.099998,112.599998
113.900002,113.900002,109.25,110.300003
110.650002,111.099998,108.349998,109.550003
111.099998,114.25,110.050003,112.550003
113,113,108.650002,109
109.099998,109.949997,101.400002,102.699997
102.699997,107.400002,101.75,106.650002
104.75,107.099998,102.849998,105.400002
104.699997,107.050003,103,104.849998
104.300003,104.300003,99.150002,103.199997
101.599998,105.25,101.599998,104.25
104.900002,105.699997,97.050003,97.650002
98.849998,101,96.550003,100.099998
100.550003,101.699997,98.699997,99.900002
100,102.300003,97.150002,98.099998
98.5,101.449997,98.150002,101.050003
99.550003,103.199997,99.449997,102.400002
102.949997,103.199997,101.199997,102.550003
102.5,102.5,97.900002,98.75
98.75,99.699997,93.25,94.800003
94.199997,94.949997,89.75,90.550003
90.599998,94.550003,90,93.449997
99.75,99.800003,91.5,95.050003
97.199997,99.199997,96.599998,97.25
97.400002,97.650002,93.800003,94.5
93.900002,95.900002,91.400002,91.900002
92.599998,93.599998,89.099998,92.599998
93.300003,93.400002,90.449997,91.449997
91.550003,93.699997,91,93.300003
93.699997,94.150002,91.849998,93.599998
94,94.849998,93.25,94.300003
94.050003,96.25,93.349998,95.550003
95.75,99.599998,95.550003,99.050003
100,102.449997,98.949997,101.25
100.900002,101.349998,96.75,99.849998
99.050003,100.25,97.650002,98.849998
98.5,99.550003,94.800003,95.150002
95.949997,96.849998,94.400002,96
95.949997,95.949997,93.75,94.550003
94.75,102.699997,90.900002,100.25
102.900002,103.050003,98.5,100.599998
100.599998,101.550003,98.699997,99.150002
99,99,93.099998,93.599998
94,97.650002,93.849998,95.800003
94.900002,96.699997,93.849998,95.150002
95.400002,95.550003,91.5,93.050003
94.5,94.699997,85.699997,91.25
90.550003,93.050003,89.449997,90.849998
91.900002,92.400002,88,88.699997
88.699997,89.25,85.699997,87.099998
86.550003,91.5,86.050003,91.050003
90.300003,90.300003,87.300003,87.800003
88.650002,91.199997,86.349998,90.800003
89,90.949997,87.150002,88.300003
88.650002,88.75,86.900002,88
88.599998,89.849998,87.050003,87.300003
87.300003,89.400002,86.300003,89
89.449997,90.800003,88.099998,89.75
90,92.5,89.150002,90.150002
90.099998,92.849998,89.550003,92.550003
92.949997,93.550003,88,89.900002
90.400002,92.099998,88.75,91.5
92.400002,92.550003,91.349998,91.699997
91.300003,93.599998,90.349998,93.050003
93.5,97.099998,92.800003,95.550003
96.099998,99,95.699997,97.199997
97.599998,101,97,99.949997
100.550003,103.75,100.5,102
102.150002,103.949997,101.199997,101.849998
101.75,101.949997,98.699997,99.400002
99.800003,100.699997,95.699997,96.099998
96.199997,97.099998,93.349998,93.800003
94,98.900002,94,96.5
97,97.349998,93,93.349998
93.400002,94,90.599998,93.300003
93.900002,96.550003,93.699997,94.300003
94.699997,96.150002,94.349998,95.849998
96,99.5,95.849998,98.900002
100,101.300003,98.050003,98.949997
99.400002,100.449997,98.349998,98.599998
98.650002,99.800003,98.400002,99.050003
99.050003,100.849998,98.900002,100.550003
101.300003,103.150002,99.150002,99.900002
100.349998,102.699997,99.400002,102.199997
103,106.800003,102.599998,106.449997
107,108.25,104.400002,104.900002
105,106.150002,104,104.449997
104.5,104.900002,100.599998,101.199997
100.75,104.099998,100.25,103.75
105,105.650002,101.699997,102.25
103.449997,103.650002,96.400002,97.150002
97.800003,98.400002,95.550003,96.900002
97.550003,98.150002,95.199997,95.599998
96,96.5,94.199997,95.650002
96.050003,98.25,95.800003,97.900002
98.5,102.099998,98.349998,101.75
102.550003,102.550003,100.400002,101
101.300003,103.449997,101.300003,102.25
101.449997,101.449997,98.5,98.900002
98.900002,99.349998,97.599998,98.550003
99.5,101.199997,99.25,100.699997
100.800003,101.099998,99.25,99.699997
99.699997,100.650002,99.699997,99.849998
100.099998,100.349998,98.650002,99
99.949997,104.599998,99.75,104.199997
104,104.349998,102.050003,102.949997
102.949997,103.199997,101.650002,101.900002
102.099998,102.650002,101.300003,101.849998
101.75,104.849998,101.75,104.400002
104.300003,104.300003,100.199997,100.849998
100,100,95.400002,95.800003
97.150002,98.099998,94.75,96.099998
94,95.800003,93.550003,95.25
96.650002,98,96.550003,97.25
98.449997,98.949997,96.650002,97
97.5,98.150002,96.949997,97.550003
97.800003,98.699997,96.699997,97.75
98,98.25,96.349998,98.050003
98,99,97.349998,97.599998
97,98.199997,95.400002,97.300003
98.300003,98.300003,94.300003,94.75
94.949997,95.75,94.099998,94.75
95.300003,95.75,93.599998,94.25
94.349998,96.25,94,94.800003
95.199997,96.550003,94.849998,95.599998
92.650002,93.800003,92,92.349998
92.650002,93.599998,92.199997,93.300003
94.150002,94.199997,93.349998,93.650002
93.199997,93.5,92.050003,93.050003
93.150002,94.099998,92.300003,92.650002
89,89.349998,85.400002,85.900002
86.300003,87.900002,86.150002,87.099998
87.25,88.699997,87.099998,88.150002
88.699997,92.5,88,91.650002
91.699997,92.699997,90.349998,92.050003
92.050003,92.25,89.650002,90.099998
91,91.599998,90,90.300003
90.800003,91.199997,87.599998,88.199997
91.199997,91.199997,87.800003,88.050003
88.099998,88.900002,86.199997,86.349998
86.25,86.349998,82,82.25
82.25,82.300003,78.150002,81.050003
81.050003,82.5,80.199997,81.099998
80.800003,83.199997,80.25,82.300003
81.699997,82.099998,79.699997,79.949997
80.150002,81.199997,79.449997,80.050003
79.5,81.050003,79.099998,80.25
80.25,80.349998,77.300003,78.25
75.800003,77.550003,73.400002,76.5
77,78.099998,70.400002,71.150002
71.449997,73.349998,71.050003,73
73.5,74.099998,71.25,73.300003
73.349998,75.349998,70.699997,73.650002
69.099998,72.599998,68.900002,71.800003
69.5,72.5,68.599998,69.400002
69.400002,70.699997,65.25,66.349998
62.349998,62.849998,56.200001,56.650002
51,66.300003,47,65.25
63,64.449997,60.349998,63.650002
64.949997,69.599998,62.150002,66.099998
66.400002,67.150002,63,65.099998
61.5,69,60.25,61.450001
62.200001,66.800003,61.900002,63.25
58,61,52.950001,53.950001
55,56.799999,51.75,55.349998
52.150002,59.950001,52.150002,58.200001
59.5,60.099998,54.900002,55.950001
57.650002,61.5,53.349998,54.400002
53.450001,53.849998,51.349998,52.450001
53,56,51.650002,53.549999
54,54,50.849998,51.200001
51.650002,51.700001,48.5,48.700001
50.75,50.75,47.700001,48.099998
48.349998,51.5,47.400002,48.299999
50.299999,51.900002,48.799999,50.849998
51.200001,51.25,48.700001,49.849998
50,51.900002,48.549999,48.950001
49.5,50.200001,48.349998,49.549999
50.599998,52.299999,49.049999,50.150002
51.25,53.200001,49.700001,51.200001
50,50.049999,48.400002,48.599998
48.700001,48.900002,47.049999,48.299999
48.599998,49.200001,48.049999,48.450001
47.799999,48.049999,46.150002,46.400002
47.25,47.799999,46.599998,46.75
47,47.5,46.700001,47.299999
47.75,48.599998,47.25,48.099998
48.75,51.200001,48.450001,49.200001
48.5,48.5,45.5,45.900002
46.299999,46.5,43.849998,44
44.25,44.25,41.799999,42.299999
42,43.25,41.549999,42.5
43.150002,43.349998,41.049999,41.150002
42,42,40.549999,41
40.5,41.599998,39.400002,41.049999
44,45.150002,42.25,44.200001
43.900002,44.849998,42.849998,43.150002
43.799999,43.799999,41.450001,41.549999
42,42,38.299999,38.599998
39.5,39.5,36.299999,36.5
36.299999,37.200001,36.049999,36.700001
37,39.049999,36.599998,37.5
37.799999,39.25,36.75,37.450001
38.200001,38.299999,36.700001,37.099998
37.650002,38.900002,36.799999,38.450001
38.650002,39.950001,38.349998,38.599998
38.700001,39.099998,37.5,38.900002
39.700001,42.75,39.549999,42.450001
42.700001,43.099998,41.349998,42.099998
43,45.099998,42.349998,43.200001
43.5,45.099998,42.25,42.849998
43.400002,47,43.150002,46.5
48.900002,49,45.450001,45.799999
46,47.5,44.400002,45.799999
46,47.400002,45.599998,47
47.349998,47.950001,45,45.150002
42.200001,45.599998,42,45.400002
45.049999,46.299999,43.650002,45.900002
46.950001,47.400002,43.75,44.799999
44.599998,45.650002,43.849998,44.900002
44.549999,46.450001,44.549999,45.950001
47.25,50.099998,47.25,49.400002
50.5,51.049999,49.5,50.450001
54.900002,55,51.200001,51.599998
50.599998,53,50.049999,52.049999
52.799999,53.099998,51.5,51.849998
51.25,51.5,48.950001,49.299999
50.200001,50.25,48.299999,48.599998
48.599998,51.650002,48.200001,51.349998
51.549999,52.400002,50.549999,51.450001
51.450001,51.950001,50.900002,51.400002
51.5,51.5,49.75,50.75
51,54.099998,50.849998,52.700001
53.400002,53.5,51.950001,52.849998
52.450001,53.299999,50.900002,51.549999
52.099998,52.450001,50.099998,50.549999
50.599998,50.599998,48.099998,49.049999
49.5,49.849998,47.200001,47.599998
47.950001,48.349998,46.849998,48.099998
48.5,49.700001,48.099998,49.400002
49.549999,50.349998,48.400002,48.650002
49.200001,50.5,48.75,49.400002
49.75,49.950001,48.349998,48.700001
48.799999,49.650002,48.349998,49.200001
48.75,49.049999,47.700001,48.599998
48.700001,48.75,46.5,46.700001
46.900002,47.25,46,46.799999
47.099998,48.650002,46.849998,47.299999
48,48,45.75,46
46.099998,47.150002,45.450001,46.799999
46.700001,47.5,46.099998,46.849998
47.099998,47.150002,45.900002,46.549999
46.900002,47.450001,46.299999,46.400002
46.900002,47,45.950001,46.25
46.799999,48.799999,46.099998,48.450001
49,49.200001,47.900002,48.549999
47.099998,48.349998,46.700001,47.099998
47.849998,49.849998,47.200001,48.599998
48.75,49.049999,47.849998,48.099998
48.599998,48.599998,45.849998,46.099998
46.549999,46.799999,45.650002,46.150002
46.200001,46.599998,45.650002,46.450001
46.849998,47.75,46.650002,47.549999
47.349998,48,46.5,47.450001
48.25,48.799999,47.700001,48.299999
48.799999,48.849998,47.549999,48.400002
48.549999,49.5,48.400002,48.650002
48.650002,49.099998,48.200001,48.450001
48.599998,49.5,48.549999,48.700001
49,52.200001,49,51.650002
53.25,53.549999,48,48.900002
48.950001,49.849998,46.849998,47.549999
47.950001,48.200001,46.700001,47.299999
47.799999,47.900002,47.049999,47.299999
46.75,47.049999,45.799999,45.900002
46,46.5,45,46.299999
46.25,46.450001,45.099998,45.299999
44.549999,44.849998,43.799999,44.450001
45,45.75,44.650002,45.599998
45.599998,46.099998,45.299999,46
46.049999,46.599998,46,46.150002
46.400002,46.700001,45.650002,46.549999
46.5,46.75,45.799999,46.450001
45.849998,46.299999,45.5,45.599998
45.900002,45.950001,44.900002,45.049999
45.099998,45.299999,42.5,42.849998
42.299999,42.950001,40.900002,42.349998
42.400002,42.75,40.849998,41.549999
41,41,39.650002,39.799999
40.150002,41.799999,39.5,41.599998
42,43.450001,41.650002,43.349998
43.599998,43.599998,40.75,41.349998
41.599998,41.599998,40.349998,41.049999
41.299999,42.599998,41.099998,41.900002
42,42.799999,41.450001,41.599998
42,42.25,40.849998,42.049999
41.700001,42.200001,41.299999,41.450001
41.650002,43.400002,41.650002,42.650002
42.25,44.450001,41.900002,44.299999
44.799999,45.549999,41.25,41.900002
41.900002,42.150002,41.200001,41.299999
41.5,42.25,40.400002,42.099998
41.599998,42.75,40,40.400002
40.650002,41.099998,40,40.349998
40.75,43.849998,40.599998,43.599998
42.900002,43.25,41.5,41.849998
42.299999,43.299999,41.700001,42.599998
42.299999,43.200001,41.849998,42.799999
43,43.650002,42.799999,43.200001
43.25,43.75,42.549999,42.700001
42.549999,43.099998,41.549999,42.900002
42.5,43.150002,41.650002,42.049999
41.599998,43.400002,41.099998,42.900002
43.299999,43.400002,41.400002,41.650002
42.099998,45.150002,41.849998,44.799999
44.849998,45.75,43.849998,45.049999
44.549999,45.299999,43.400002,45.049999
44.299999,46.549999,44.299999,45.75
45.349998,46.400002,45.200001,45.799999
46.049999,47.349998,46,46.75
47,48.75,46.549999,48.200001
48.450001,48.900002,46.650002,47.150002
46.900002,47.200001,45.450001,45.599998
45.650002,46.700001,44.450001,46.549999
47,47.200001,46.450001,46.650002
46.549999,47.900002,46.549999,47.549999
47.150002,49.849998,46.950001,49.599998
49.299999,49.349998,47.599998,47.950001
47.650002,48.25,47.25,47.5
48,48.150002,46.700001,46.900002
47.150002,47.349998,46,46.849998
47.5,50.700001,47.400002,49
49,51.450001,48.299999,51.099998
51.5,52.450001,50.599998,51.299999
51.700001,54.200001,51.200001,53.75
54.049999,55.25,53.049999,54.099998
54.849998,58.650002,54.400002,58.299999
59,59.75,56.599998,59.049999
59.5,60.950001,58.5,60.150002
60.400002,66.150002,60,65.300003
67.25,67.599998,64.199997,65.599998
65,66.800003,62.900002,66.349998
66.449997,68.199997,65,65.449997
66.400002,67.5,66.150002,66.949997
67.5,68.099998,65.550003,67.150002
67.849998,68,65.699997,66.449997
66.400002,67.150002,63.349998,63.75
63.849998,64.300003,62,63.099998
62,63.5,56.799999,58.700001
58,60,56.200001,58.849998
58.950001,60.799999,58.049999,60.549999
61,63.25,60.599998,60.849998
61.099998,62.950001,61.099998,62.400002
63.049999,64.199997,62.099998,62.349998
62.950001,63,60.75,62.099998
61.950001,62.549999,61.099998,61.5
61.5,64.800003,61.5,64.5
65.25,66.25,64.349998,65.800003
64.800003,66.199997,64.75,65.599998
65.599998,67.650002,64.699997,65.5
66.199997,67,65.75,66.150002
66.800003,67.099998,65.349998,65.550003
66.400002,66.400002,63.700001,64.199997
63.150002,71.699997,63.150002,70.75
71.599998,76,70.099998,75.199997
75.599998,77.849998,74.75,76.150002
76.5,77.800003,72.900002,75.199997
75.349998,77.099998,72,72.949997
73.25,76,73.25,75.800003
76.150002,80.349998,75.050003,79.400002
80.099998,80.849998,75.099998,76.25
76.300003,77.349998,73,73.300003
74.900002,76.150002,70.400002,73.800003
73.75,75.449997,72,73.849998
72.5,72.800003,64.550003,66.75
68,70.150002,66.400002,68.050003
69.050003,74.349998,67.699997,73.900002
75.199997,76.949997,73.300003,74.650002
75.199997,78.800003,73.400002,77.099998
77.5,83.099998,76.099998,82.050003
83.449997,89,81.75,82.5
84.400002,85.099998,80.050003,80.949997
82,83.199997,78.949997,80.150002
80.449997,81.099998,77.5,79.550003
80,81.150002,76.800003,77.150002
77.699997,79.5,77,78.349998
78.650002,80.699997,78.599998,79.599998
80.5,81.75,78.599998,79.650002
79.699997,85.5,79.300003,84.150002
85.800003,96.699997,84.449997,95.599998
96.25,99.800003,88.699997,91.050003
91.300003,93.699997,88.800003,89.550003
90.400002,91.550003,86.099998,86.800003
87.699997,90.300003,85.25,88.800003
90,90.699997,89.099998,89.900002
87.25,87.25,85,85.400002
85.699997,86.349998,82.900002,83.300003
83.650002,85.25,83,83.199997
84.650002,86.900002,84.050003,85.599998
85.5,87.800003,83.449997,85.800003
85.300003,85.75,79.5,80.650002
82.449997,83.5,80.699997,81.300003
82.099998,82.849998,78.699997,80.349998
81,81.900002,79.650002,80
80.800003,80.900002,76.650002,77.349998
78,79.699997,76,78.900002
79.699997,79.949997,76.449997,78.800003
78.800003,79,74.300003,74.949997
75.300003,76.949997,71,71.949997
70.75,74.349998,69.550003,73.75
74.199997,74.650002,71.75,72.449997
73.050003,75.849998,72.849998,74.25
74,75.099998,71.400002,71.75
72.25,72.349998,68,70.050003
71.5,71.900002,70.300003,70.75
71.699997,74.150002,70.900002,72.300003
72,75.449997,71.650002,74.150002
74.550003,76,73.449997,75.650002
75.349998,75.349998,70.75,72.550003
72.650002,74.25,71.800003,72.800003
73.25,75.550003,72.199997,74.099998
74.25,75.550003,73.25,73.449997
73.449997,77.449997,72.900002,74
68.75,71.75,64.800003,66.050003
67.150002,69.25,66.300003,68.900002
67.900002,69.300003,66.300003,68.25
68.400002,69.5,67.050003,67.300003
65.75,65.75,62.5,63.799999
64.5,65.75,62.700001,63.200001
62.25,64.199997,61.799999,63.049999
62.799999,64.949997,62.549999,62.950001
63.5,64.449997,63.200001,63.5
64.099998,65.699997,63.650002,65.300003
65.849998,68.150002,65.75,67.849998
68.5,69.75,66.050003,66.75
66,68.400002,64.650002,66.75
66.300003,66.949997,64.300003,66.699997
67,72.900002,67,70.400002
71.900002,72.949997,70.900002,72.349998
73.099998,73.400002,70.099998,70.599998
71.400002,71.699997,69.849998,70.550003
70.900002,74.349998,70.650002,73.400002
72.300003,74.599998,71.199997,74.050003
73.900002,79.900002,73.900002,77.449997
78.099998,79.599998,73.349998,74.050003
74.75,77.75,73.800003,77.150002
78.099998,78.5,76.300003,76.75
76.25,78.199997,76,76.699997
77.599998,77.599998,75.900002,76.5
77.099998,81.199997,77.099998,80.800003
82.449997,83.349998,80.300003,81.349998
82,82.400002,80.400002,80.800003
80.949997,82.300003,80.050003,80.599998
81,84.150002,79.849998,83.449997
84.5,84.650002,81.849998,83.849998
82.25,83.449997,79.150002,80.699997
81.099998,81.300003,78.800003,79.349998
79.349998,81.849998,78.550003,81.199997
81.949997,82.800003,81.5,81.849998
82.349998,82.849998,81.150002,81.849998
82.25,84.099998,81.849998,82.849998
83.199997,83.199997,80.199997,81.849998
82.75,86.199997,81.199997,81.849998
82.349998,85.300003,81.849998,84.75
85.050003,85.900002,84.199997,84.5
84.050003,85.800003,81,85.050003
84.150002,86.400002,84.150002,85.050003
85.050003,87,84.099998,84.400002
83.5,84.599998,81.300003,81.849998
82.5,84.199997,77.150002,80.150002
79.199997,83,77.400002,82.449997
83.099998,84.199997,81.400002,81.849998
82.599998,83.650002,81.25,82.25
82.699997,82.949997,80.599998,80.849998
81.699997,84,81,83.449997
84.400002,88.349998,84.300003,87.800003
88.199997,88.900002,86.400002,87.099998
87.5,88.050003,85.550003,85.949997
86.400002,87,85.349998,86
86.300003,86.5,84.800003,85.199997
85.300003,86.75,84.650002,86.349998
86.599998,87.150002,85.150002,85.5
85,86.449997,84.599998,86.099998
86.400002,87,82.849998,83.5
83.5,84.099998,82.400002,83.650002
84.400002,84.650002,83,83.300003
84.5,84.900002,83.900002,84.650002
84.949997,85.099998,84.050003,84.199997
84.5,84.849998,83.400002,83.699997
84.400002,84.400002,81.400002,81.75
81.650002,81.650002,79.650002,80.150002
80,80.5,78.449997,78.949997
80,81.349998,79.699997,80.199997
80.5,80.599998,79,79.849998
80,80.199997,79,79.699997
80,81.099998,79.25,80
80.150002,80.199997,76.900002,78.050003
78.900002,81.150002,77.650002,80.599998
80.75,81.5,79.800003,80.300003
80.800003,81.75,80.349998,80.650002
81,83.050003,80.550003,82.699997
83.25,83.849998,80.849998,83.349998
83.900002,83.900002,80.800003,82.5
82.449997,84.599998,82.150002,83.349998
85,85.699997,80.599998,81.150002
81.599998,83,77.550003,78.099998
78.849998,81,77.449997,80.650002
80.699997,82,80.099998,81.550003
81.449997,81.900002,79.849998,80.949997
81,81.699997,77.699997,79
79.300003,79.5,76.900002,78
79,79.599998,77.599998,78.75
77.650002,78.300003,73.650002,74.150002
75.150002,75.449997,72.5,73.099998
73.25,75.650002,73,75.5
76,76.5,74.900002,75.150002
75.150002,75.599998,74,74.099998
74.300003,75.099998,73.25,74.550003
75,77.150002,74.75,76.949997
76.949997,78.449997,76,77.349998
77,78.75,76.800003,78.300003
78.550003,78.949997,77.800003,78.349998
78.900002,80.300003,78.25,79.199997
80,80.150002,78.699997,78.900002
79.25,79.25,76.75,78.099998
78.199997,80.5,77.800003,79.349998
79.349998,79.75,78.75,79.150002
78.550003,79,78,78.25
78.5,79,78.099998,78.650002
78.25,81.849998,78.25,81.349998
81.5,86.5,80.400002,85.949997
86.5,86.599998,81.199997,82.300003
81.650002,82.199997,78,78.300003
78.300003,79.050003,76.900002,78.650002
79.349998,80.150002,78.550003,79.699997
80,81.099998,79.449997,79.599998
80.25,80.25,77.699997,77.900002
78.400002,79.650002,77.800003,78
78.75,79.650002,78.25,79.400002
79.349998,82,78.099998,81.650002
81.949997,83.650002,81.25,81.75
80.949997,83.5,79.949997,82.449997
82.949997,84.699997,82.849998,84.349998
84,84.900002,82.650002,83.300003
83.900002,85.75,82,82.400002
83.400002,84.800003,83.150002,84
84.949997,88.900002,83.349998,88.099998
89.5,90.150002,87.099998,87.5
87.599998,88.75,86.300003,88.099998
88.75,89.150002,87.550003,87.800003
88.050003,89.349998,88.050003,88.699997
89.849998,93.5,89.349998,93.050003
94.25,94.800003,88.5,89.400002
89,93.150002,86.849998,92.150002
93.300003,95.900002,91.400002,95.449997
96.099998,97.449997,93.849998,94.599998
95.800003,100.199997,94.099998,96.550003
96.949997,103.349998,96.5,99.900002
100.949997,103.699997,98.800003,102.550003
100.300003,101.449997,97.349998,97.849998
97.5,101.199997,93,97.5
98.599998,99.400002,97.300003,99.050003
99.300003,102.800003,99,102.349998
102.550003,104.349998,100.25,100.900002
102.5,103.349998,102.199997,102.599998
103,106.400002,101.349998,105.699997
106.099998,107.150002,104.650002,106.349998
105.449997,108,99.199997,100.650002
102.300003,103.050003,100.349998,101.300003
102.5,102.75,99.800003,101.300003
102.25,102.5,98,98.900002
98.900002,99.900002,96.050003,96.650002
96.150002,98.849998,95.5,97.599998
97.199997,98.699997,95.650002,96.199997
96.900002,96.949997,89.5,90.849998
90.900002,93.800003,89.449997,93.349998
93.5,95.25,93,93.400002
93.050003,93.599998,92.050003,93
92,92,88,88.900002
87.599998,88.599998,85.050003,86.199997
86.25,88.75,85.199997,85.75
86.150002,88.25,85.699997,87.650002
87.5,88.400002,86.449997,88.099998
87.300003,90.599998,87.300003,88.550003
89,89.900002,86.800003,87.050003
88.199997,90,87.849998,89.5
90,92.900002,89.900002,92.25
92.449997,92.900002,91,92.300003
91.800003,94.699997,91.150002,94.25
95,95.349998,92.900002,93.150002
92.5,93,91.050003,92.349998
91.800003,93.050003,89.949997,90.25
91.199997,91.75,88.050003,88.650002
88.349998,88.550003,84.550003,84.849998
84.300003,84.300003,79.150002,80.099998
80.5,82.25,78.5,78.949997
78.949997,81.849998,78.699997,79.900002
80.5,82,80.199997,81.25
81.650002,81.699997,78.699997,79.449997
78.349998,80.150002,77,79.75
80.849998,81.199997,80.099998,80.800003
80.75,81.449997,80.300003,80.949997
80.5,80.650002,79.599998,80.099998
80.300003,82.300003,80.199997,81.949997
81.949997,84,81.599998,83.75
84.199997,84.650002,83.150002,83.900002
83.599998,85.849998,83.400002,84.949997
83.400002,87.25,83.300003,86.599998
87,88.550003,86.5,87.599998
88,92.449997,87.949997,92.150002
92.5,92.949997,91.349998,92.099998
92.949997,93.5,92.099998,92.75
92.800003,94.599998,92.199997,93.900002
93.800003,94.599998,92.900002,93.599998
93.099998,94.699997,93,93.75
94.099998,95.800003,91.650002,92.199997
92.5,96.349998,91.550003,95.849998
95.949997,97.5,95.550003,96.650002
95.599998,95.650002,91.5,92.599998
92.599998,93.599998,90.699997,92.599998
91.849998,99.650002,91.550003,98.5
96.400002,104,96,103.5
104.300003,106.449997,102.699997,103.25
104,108.349998,103.050003,107.550003
109.400002,109.400002,102.449997,106.099998
107,110.199997,106.199997,109.349998
109.199997,111.900002,108.550003,109.599998
109.900002,111.300003,106.099998,106.599998
108.900002,117.25,108.25,112.849998
113.699997,118.349998,111.5,117.900002
118.349998,118.849998,114.5,114.849998
115.25,116.349998,113.650002,114.75
113.800003,115.5,112.400002,113.5
106.5,110.5,104,110.199997
111,111.300003,106.699997,107
108,108.349998,105.349998,105.650002
105.650002,107.699997,105,105.400002
104,106.050003,102.800003,103.800003
101.400002,105.699997,99.5,104.650002
105.599998,109,104.949997,107.699997
102.550003,105.599998,100.050003,100.550003
103.599998,108.550003,103.199997,106.849998
104.199997,107.949997,104.199997,106.550003
106.199997,106.349998,101.400002,102.949997
104.800003,105.300003,102.150002,102.650002
101,103.150002,100.050003,100.5
98.699997,100.199997,91,92.699997
93.550003,98.449997,92.25,97.050003
97.949997,99.150002,96.699997,98.800003
101.800003,105.449997,101.25,101.900002
101.900002,104.599998,100.949997,104.400002
105.099998,107.449997,103.550003,106.900002
107.699997,108.900002,105.25,105.900002
107.099998,108.599998,106.900002,107.699997
109.199997,109.650002,107.400002,107.949997
108,108.349998,105.699997,106.650002
106.400002,107.5,103.5,106.800003
107.650002,109.050003,105.949997,106.25
105.949997,108.050003,105.050003,106.099998
106.5,109,106.300003,108.599998
108.699997,112.849998,107.300003,112
112,113.099998,110.75,111.5
112.199997,114.900002,112.099998,114.099998
113.199997,113.400002,111.099998,111.599998
112.699997,116.349998,111.300003,115.949997
115.75,116.949997,115.300003,116.050003
116.75,117.849998,114.5,116.050003
115.650002,120.949997,115.099998,119.800003
120,122.599998,118,119.199997
119.349998,120.900002,118,120.349998
121,122.650002,119.599998,120.349998
120,120.900002,117.199997,120.150002
121.300003,121.449997,119.150002,119.400002
119,119,113.25,113.900002
115.650002,116.699997,111.550003,113.25
114.050003,114.5,111.449997,112.550003
114,114.449997,113.050003,113.849998
113.699997,113.900002,111.199997,111.449997
110.099998,112.5,109.099998,111.199997
113,115.849998,112.550003,115.449997
114.5,116.550003,112.800003,116.099998
116.550003,116.849998,114.75,115.699997
115.699997,117.300003,112.349998,112.900002
113.099998,115.25,107.5,108.150002
109.949997,110.449997,105.400002,105.849998
104.199997,105.699997,102,104.900002
104.75,104.75,101.599998,103.25
102,105.099998,100.300003,101
101.800003,102.25,97.25,101.25
100.150002,100.25,95.449997,96.050003
97.75,99.349998,94,94.949997
96.699997,100.400002,94.550003,99.849998
100.75,102.849998,99.550003,102.300003
102.300003,102.699997,99.099998,99.449997
96.699997,97.949997,95.199997,96.400002
98.449997,99.949997,98,99.449997
99.900002,101,96.849998,97.199997
97.199997,98.300003,95.25,95.800003
96,97.599998,93,93.900002
94.900002,99.099998,92.550003,98.349998
99.050003,99.900002,98.150002,98.699997
99.900002,101.949997,99.599998,101.550003
101.050003,102.400002,99.800003,100.150002
100.949997,102.449997,99.949997,101.900002
102,105.849998,102,103.650002
104.800003,105.25,101.949997,102.150002
102,102.5,99.25,102.050003
101.650002,103.25,100.900002,101.900002
102.5,105.349998,101.400002,103.5
103.199997,105.300003,102.150002,105.050003
103.199997,105.449997,103,105.099998
102.800003,103,98.5,99.900002
99.5,102.099998,99.199997,100.550003
100.599998,102.099998,99.400002,99.949997
101.699997,102.099998,97.050003,97.550003
96.150002,96.800003,94,95.199997
95.199997,95.949997,89.900002,91.099998
91.849998,97.349998,91.849998,96.050003
96,96.599998,94.25,95.400002
95,97.75,94.400002,96.400002
96.949997,100.300003,96.650002,99.949997
101,101.75,99.550003,99.949997
99.650002,101.800003,99.599998,101.449997
100.699997,101.75,99.550003,101.099998
101.199997,102.300003,97.099998,97.349998
97.800003,97.800003,95.699997,96.900002
97.650002,99.900002,97.050003,98.449997
99,100.75,98.400002,98.650002
98.699997,100.650002,98.699997,99.449997
100.699997,105.75,100.699997,105.050003
105.900002,106.300003,103.949997,105.599998
104.199997,109.900002,104.199997,109.550003
108.900002,110.449997,108.199997,109.199997
109.25,110.5,108.150002,108.449997
108.400002,108.400002,103.75,105.199997
106.400002,106.400002,103.349998,104.050003
105,108.300003,104.349998,108
107.900002,113,107.099998,112.650002
113.849998,114.449997,111.300003,112.050003
111.199997,114.25,111.199997,113.949997
114.900002,116.449997,113.699997,116.050003
115.099998,116.75,114.25,115.150002
115.900002,116.900002,114.599998,116.550003
116.199997,118.699997,116.199997,118.199997
118.599998,119.849998,116.5,117.199997
118,119.699997,115.599998,116.25
118.050003,118.349998,113.349998,116.400002
116.300003,123.5,116,121.699997
121.699997,122.449997,119.199997,121.050003
120.699997,122.349998,116.150002,118.599998
118.75,120.5,117.599998,117.900002
117.599998,119.650002,116.449997,118.25
118,119.650002,117.699997,118.650002
118.800003,124.300003,118.800003,123.199997
123.099998,124.099998,122.400002,123.150002
123.5,125.199997,121.050003,121.650002
122.599998,127,121.400002,126.599998
125.400002,126.949997,123.150002,123.900002
124,124.400002,119.550003,120.25
120.199997,120.199997,117.699997,118.25
116.300003,123.900002,116.300003,123.449997
123,124.5,121.050003,123.599998
123.449997,128,123.449997,125.800003
126.5,129.550003,126.5,128.350006
122.5,126.900002,122.150002,126.349998
127.099998,131.25,127.099998,130.850006
129.949997,133.899994,129.5,133.449997
134.699997,134.699997,130.800003,131.100006
131,134.800003,131,133.850006
134.199997,135.550003,132.100006,133.350006
133.050003,134.649994,132.649994,134.199997
135,139.850006,135,138.399994
139.399994,141.699997,137.649994,138
138.649994,139.949997,138.449997,138.850006
139.899994,140,138.300003,138.649994
135.300003,141.850006,135.25,140.399994
140.449997,141.699997,139,140.100006
139.800003,141.050003,134.600006,137.25
136.5,143.399994,136.399994,140.949997
142.399994,143.350006,141.300003,141.600006
141.399994,143.199997,140.050003,141.300003
139.899994,141.699997,135.800003,138.399994
138.5,138.949997,131.649994,132.399994
129.600006,130.300003,124.5,128.100006
129.649994,131.399994,126.550003,127.550003
126.199997,128.25,124,126.349998
128.350006,130.25,125.150002,127.449997
127.099998,133.699997,126.349998,132.399994
131.399994,133.699997,126.900002,128
131,134.199997,130.649994,133.899994
134.100006,135.899994,134.100006,134.899994
134.149994,135.550003,130.5,135.25
131.75,134.449997,131.649994,132.100006
132.699997,133.050003,129.149994,129.699997
130.050003,133.300003,129.5,132.949997
131.800003,132.75,129.199997,129.949997
132.5,134.199997,130.050003,130.449997
130.100006,136.949997,129.649994,136.199997
137.100006,141.75,136.699997,140.699997
140.649994,141.149994,137.149994,137.800003
136.600006,141.800003,135.699997,140.800003
140.699997,144.899994,140.600006,143.550003
144.850006,145.350006,143.949997,144.350006
143.350006,151.649994,142.449997,148.399994
148.399994,150.300003,147.350006,149.699997
149.699997,151.199997,146.149994,146.850006
147.699997,148.600006,145.050003,147.75
148.050003,151.75,146.649994,147.649994
147,148.600006,146.050003,147
145.600006,149.899994,145.600006,148.149994
149.899994,149.899994,143.649994,144.550003
159,161.75,151.949997,158.350006
159.199997,166.899994,157.300003,166.300003
166,168.199997,163.399994,165.449997
168,168.649994,161.399994,161.75
161.649994,165.050003,159.899994,163.949997
164.300003,165.449997,161.800003,162.949997
164,165.100006,162.100006,163.350006
162.600006,164.899994,162.600006,163.649994
164.399994,165.75,161.800003,162.800003
161.699997,164.300003,161.149994,161.850006
162.199997,167.350006,162,166.800003
167.899994,170.300003,166.25,168.800003
169.300003,171.949997,168.899994,170.399994
170.699997,172.649994,166.850006,167.800003
168.350006,168.800003,166,167.800003
168.399994,169.5,167.149994,167.75
169.199997,169.199997,164.5,166.199997
167.75,172.550003,166.399994,171.800003
171.550003,174.25,170.649994,171.199997
171.25,172.449997,170.300003,172
172.5,176.100006,172.449997,174.449997
175.199997,176.850006,173.399994,176.5
176.649994,189.399994,176.649994,188.050003
188.699997,197.199997,184.75,188.550003
188.199997,190.699997,185.699997,190.100006
190.699997,194.649994,190,193.050003
194.5,194.949997,191,191.600006
191.600006,193.199997,183.850006,184.600006
184,184.899994,181,182
182.199997,184.199997,180.899994,182.5
182.5,184.75,179.149994,183.649994
184.25,186.600006,175.649994,177.550003
178.100006,180.100006,173.699997,176.550003
173.550003,175.550003,168.050003,169
168.550003,178.149994,167.25,177.100006
178.699997,178.699997,174.899994,177.699997
177.5,184.949997,176.550003,181.5
181.050003,187,179.199997,185.350006
186.649994,188.399994,184.100006,185.649994
186.5,187.800003,185.149994,186.25
186.25,189.850006,186.25,187.5
187.350006,188.600006,181.25,182.699997
183.850006,185.550003,181.449997,184.399994
184.449997,185.199997,181.149994,183.199997
184.100006,187.75,182.449997,185.25
185.5,185.600006,178.25,180.5
181,182.300003,177.149994,181.399994
182.199997,183,179.699997,181.800003
181.949997,185.199997,181.300003,184.899994
185.100006,188,184.600006,185.75
185.75,186.699997,179.300003,181.75
182.199997,182.5,177.399994,178.199997
177.550003,178.25,176,177.949997
178.100006,181.75,177.850006,179.449997
180.75,182.050003,179.949997,180.600006
181,182.149994,177.600006,177.949997
178.199997,178.550003,166.350006,169.800003
170.5,170.550003,156.100006,157.300003
156.699997,163.75,153.050003,158.5
160.300003,168.649994,159.5,167.899994
169.600006,169.949997,151.149994,154.300003
151.649994,156.399994,146.5,154.100006
157.149994,164.350006,151.699997,163.649994
165.399994,168.699997,163.649994,167.800003
168,170.449997,166.800003,168.5
168.5,169.399994,166.100006,168
167.550003,170.899994,163.949997,169.399994
170,173.850006,168.600006,169.300003
169.350006,170.649994,164.149994,165.199997
166,169.300003,163.699997,168.75
168.350006,169.899994,167.600006,169.550003
170,171.350006,169.300003,169.949997
168.699997,169.100006,164.699997,166.75
167.550003,168.449997,163.399994,164.300003
164.25,164.5,159.550003,159.949997
158.699997,159.399994,155.649994,157.199997
157.300003,158.300003,153.149994,155.550003
156.800003,157.75,153.75,154.600006
153.600006,159.350006,153.600006,159
160.050003,161.149994,157.25,159.25
157.949997,164.699997,157.800003,164.399994
164.149994,166.25,162.800003,164.649994
166.800003,173.600006,166.800003,172.949997
173.149994,176.399994,172.5,173.149994
170.600006,174.600006,170.600006,174
174.5,174.949997,170.949997,171.5
170.350006,170.350006,166.050003,167.800003
167,170,163.5,163.899994
162.800003,164.850006,161,162.5
164.699997,164.899994,158.699997,159.300003
158.550003,161.399994,155.649994,159.649994
161.800003,162.649994,158.25,160
158.050003,159.649994,155.75,158.699997
159.300003,163.449997,159.300003,163.050003
164.350006,168.199997,163.350006,167.449997
166.100006,167.050003,162.25,162.699997
162.149994,163.899994,159.149994,159.800003
159.300003,162.300003,158.649994,161.25
161.800003,161.800003,158.850006,160.75
160.199997,164.949997,160.100006,164.5
165.25,169.699997,165.25,168.800003
169,170.199997,168.100006,169.199997
169.149994,169.699997,165.100006,167.100006
167.199997,169.199997,165.449997,166.850006
167.199997,168.100006,165.399994,166.199997
173,173.699997,170.199997,170.850006
171,172.100006,169.25,170.350006
170,171.850006,168.550003,171.300003
169.149994,176.649994,169.149994,176.300003
177.050003,178.800003,175.800003,177.850006
178.100006,179.050003,176.399994,177.149994
177,178.75,176.300003,177.600006
177.600006,177.899994,174.649994,176.350006
176.350006,180.550003,176.350006,180.199997
180.75,184.899994,180.25,184.149994
184,184.199997,181.899994,183.550003
183.199997,186,183.199997,185.699997
185.699997,188.350006,185.5,187.800003
188.5,189.399994,187.199997,188.100006
182.600006,185.100006,180.899994,184.600006
184.75,186.149994,183.699997,185.199997
185.199997,188.300003,183,183.399994
184.100006,185.199997,178.800003,182.949997
184,184.800003,176.399994,177.649994
175.850006,179,172.850006,178.449997
179.75,180.850006,178,178.5
178.5,180.550003,177.699997,178.800003
178.550003,184.600006,177.399994,183.800003
185.5,188.449997,183.949997,186.350006
189.649994,190.050003,183.800003,185.850006
181.449997,182.25,178,181.899994
182.050003,182.199997,179.350006,181
181.050003,184.649994,181.050003,183.350006
182,185,182,182.600006
182.5,182.800003,179.850006,181.800003
180.300003,184.699997,180.300003,183.5
183.399994,184.5,182.699997,183.600006
184.149994,185.449997,182.100006,185
184.100006,187.100006,184.100006,184.899994
185.199997,187.050003,185.100006,186.699997
187,187.649994,185.399994,185.649994
185.75,186.100006,184.350006,185.25
184.850006,188.300003,184.850006,187.350006
187.350006,189.149994,186.100006,187.399994
187.199997,187.75,184.100006,184.899994
184.800003,187.350006,184.699997,187
187.949997,188.5,186.699997,187.25
188.100006,188.449997,186.399994,187.350006
186.149994,187.899994,182.649994,183.449997
183.25,188.300003,183.25,188.100006
188.800003,194.850006,188.199997,193.699997
195,196.75,193.5,194.949997
195.399994,198.399994,195,198.050003
198.5,198.5,192.25,193.25
193.5,193.949997,190.600006,192.199997
191.050003,192.5,188.899994,191.149994
191.350006,192.100006,190.649994,191
191.550003,191.850006,189.25,190.050003
186.850006,191,185.649994,190.350006
204.850006,210.449997,202.350006,208.899994
209.5,210.800003,203,203.5
197.149994,200.050003,195,198.350006
198.350006,201.850006,196.600006,201.449997
198.199997,200.699997,196.5,199.949997
199.949997,202.649994,198.550003,198.949997
198.949997,201.800003,196.25,196.75
197.199997,201.550003,197.149994,198.399994
199,201.699997,197.550003,201.149994
193.850006,196.149994,189.550003,191.449997
195.350006,195.5,192.449997,194
194.350006,194.75,190.75,191.850006
193,194.5,191.5,192.699997
192.149994,192.449997,187.449997,188.850006
188.699997,188.699997,185.75,186.649994
187.100006,190.649994,186.350006,189.850006
190.699997,192.5,189.050003,191.649994
191.850006,192.300003,189.949997,190.800003
191.199997,191.850006,189.899994,190.25
190.300003,194.649994,190.25,193.350006
193.399994,194.899994,190.699997,191.850006
191,191.800003,188.75,189.75
190.050003,190.899994,189.5,190.050003
190.25,191.550003,189.199997,191.199997
191.75,192.399994,191.300003,191.699997
191.699997,192.800003,186.550003,187.199997
187.199997,191.75,186.449997,190.699997
191,195.800003,190.25,195.350006
195.550003,198.399994,194.5,195.800003
196,197.550003,194.050003,194.949997
195.5,196.649994,194.5,196.149994
196.899994,200.050003,196.199997,197.75
198.399994,204.649994,198.399994,202.850006
204.050003,204.050003,197.850006,199.850006
199.699997,209.300003,198,208.699997
209.050003,213.149994,209.050003,211.850006
212,212.699997,209.350006,210.800003
209.300003,219.600006,209.300003,217.25
216.949997,218.100006,212.949997,213.550003
213,217.5,206.449997,207.100006
209.300003,218,208.649994,215.399994
216.050003,219.399994,214.199997,217.449997
217.050003,218.100006,212.899994,213.649994
213.699997,216.100006,211.800003,214.75
215,216.449997,209.899994,210.75
212.5,215.300003,212,213.800003
213.899994,218.350006,212,217.850006
217.800003,217.800003,210.850006,212.449997
213.050003,214.5,210.050003,212.5
213.899994,216.050003,212.350006,215.300003
211.050003,215.300003,210.399994,211.75
211.850006,214.5,211.850006,214.199997
209.600006,210.550003,206.25,207.199997
208,209.399994,207.5,207.75
206.699997,206.899994,201.149994,203.5
201.149994,206.550003,201.149994,205.75
206,208.050003,206,207.300003
207,208.600006,203.100006,203.699997
202,206,201.100006,205.199997
204.899994,205.550003,201.25,202.300003
202.050003,203.75,193.699997,195.050003
195.600006,198.300003,193.800003,194.850006
193.949997,193.949997,187.949997,189.300003
190.350006,197.5,190.350006,196.899994
197.25,199.899994,194.550003,198.199997
199.050003,199.699997,195.699997,196.100006
196.25,198.149994,195.100006,195.350006
197.25,200.600006,197,200
201.5,204.199997,201,203.75
201.5,201.5,194.800003,195.550003
197.300003,197.300003,190.600006,191.25
193.850006,194,191.550003,192.5
193.449997,194.300003,192.5,193
192.949997,195.25,191.850006,194.850006
195.100006,197.199997,193.399994,196.699997
198.5,199.300003,197.25,197.699997
198,200,196.949997,198.449997
195.25,197.75,193.850006,196.649994
197.149994,198.649994,196.050003,197.699997
198,198.699997,194.699997,195.800003
196.800003,196.800003,192.75,194.600006
195,196.600006,194,194.300003
194.5,195.350006,192.699997,193.149994
193,198.5,193,196.5
196.949997,198.899994,196.5,197.649994
197.449997,201.699997,196.399994,197.25
198.699997,203.75,198.550003,201.850006
204.649994,210.100006,204.649994,209.149994
209.300003,214.600006,209.25,210.949997
211.75,211.75,208.050003,209.449997
209.100006,213.300003,208.050003,211.300003
211.5,215.600006,208.5,212.149994
213,217.199997,213,215.300003
216,217.149994,214.050003,216
217.449997,222.600006,214.699997,221
222.199997,224.300003,219.600006,220
222.899994,226.25,218.649994,224.550003
224.75,227.5,222.899994,224.25
225.850006,228.600006,221.600006,226.050003
227.949997,229.550003,217.300003,219.199997
217.949997,225.899994,214.850006,224.75
225,226.649994,221.399994,223.600006
222.399994,226.699997,222.399994,225.149994
225.449997,233.75,225.449997,232
234,235.949997,231.600006,233
233.300003,233.600006,229.399994,231.100006
233.050003,236.75,231.149994,233.899994
234,235.850006,228.850006,230.550003
232.100006,235.399994,227.350006,232.949997
233.25,240,232.949997,237.800003
239,239.399994,231,234.449997
231.600006,231.600006,222.699997,223.449997
226.899994,227.399994,222.75,223.199997
223.199997,224.949997,219.449997,223.800003
225,227.350006,224,226.050003
227,232.100006,225.25,229.850006
231.850006,233.199997,228.600006,231.25
231.25,234.199997,229.449997,231.199997
229.399994,233.199997,224.649994,225.5
229.850006,231.5,228.5,230.550003
234.25,235.699997,221.600006,222.649994
223.850006,229,219.649994,228.649994
228,231.350006,223.449997,227.149994
228,235.75,227.75,233.949997
234.149994,242.350006,233.850006,237.300003
239.5,249.850006,232.199997,247.699997
250,257.450012,242.899994,255.949997
259.100006,261,254.550003,255.300003
256.549988,262.399994,255.75,257.5
258,258,246.399994,250.399994
252.5,252.699997,242.699997,244.850006
248.949997,256.200012,247,253.100006
253.75,267,247.5,262.649994
266.450012,267.350006,253.25,255
254.25,260.450012,249.199997,259.399994
255,271.350006,252.449997,268.299988
270.399994,277,269,275.549988
276.850006,280.850006,274.600006,275.549988
275.549988,277,269.700012,270.75
270.600006,274.75,269.850006,273.200012
273.25,279.5,273.049988,275.299988
277,277,270.200012,275.700012
275.700012,280.200012,265.450012,268.899994
269,272.299988,266.700012,269.600006
269.600006,273,267.399994,270.25
270.950012,271.450012,260.799988,261.700012
261.75,267.5,258.350006,265.75
266.850006,272.100006,265.399994,271.100006
273.149994,276.200012,272.25,273.299988
273.25,278.549988,272.350006,278
277.350006,284.25,271.350006,282.549988
283.399994,284.5,279.200012,281.799988
282.549988,285.5,276.5,277.399994
277.399994,279.549988,270.799988,271.399994
271.450012,273.350006,258.450012,260.399994
259.200012,263.850006,255.699997,259.25
258.850006,261.450012,250.149994,253.800003
253.699997,257.899994,252.25,254.5
254,255.699997,248.449997,249.050003
250.800003,252.899994,243.899994,249.75
253.149994,257.25,253.050003,255.75
255.800003,261,253.699997,259.850006
257.5,263.75,257.5,261.549988
261,263.75,257.850006,258.850006
259.200012,266.399994,259.049988,264.200012
265.649994,268.149994,265,266.700012
266.399994,272.100006,266.399994,271.399994
270.549988,275.700012,267.700012,274.399994
276.850006,276.850006,268.399994,269.350006
269.799988,270.799988,266.200012,268.700012
271.149994,272.549988,266.899994,267.5
269.450012,269.850006,263.700012,265.350006
265.649994,272.200012,265.5,270.549988
270.200012,272.25,267,267.850006
263.299988,266.350006,259.899994,261.350006
259.149994,259.600006,254.050003,254.699997
255,263.450012,255,259.149994
256.149994,257.5,250.949997,256.950012
258.450012,261.799988,257.799988,261.200012
263.350006,263.5,259.700012,260.200012
260.850006,261.950012,258.5,259.200012
259.350006,269.399994,258.799988,268.700012
270.649994,272.700012,267.399994,268.149994
269.149994,273.799988,264.950012,272.700012
273.75,284.799988,272.649994,281.600006
281.75,283.850006,279,279.299988
282.549988,282.549988,274.299988,276
276,276.049988,259.75,265.75
266,268.299988,257.850006,259.200012
259.200012,266.25,258.399994,262.700012
270,271.700012,260,262.649994
265,266.75,248.550003,255.649994
260.600006,261.75,251.649994,259
259.450012,263.149994,257.700012,260.850006
261.549988,267.600006,260.950012,263.899994
265.850006,267,259.100006,263.200012
262.850006,264.600006,260,261.25
262.450012,266.700012,260.299988,265.450012
267,267.5,262.399994,263.399994
265.100006,271.899994,264.700012,269.299988
269.25,272.25,267.799988,269.049988
269.399994,273.299988,265.700012,270.799988
271,271.75,262.799988,264.299988
263.399994,266.149994,262,263.399994
