Date,Open,High,Low,Close,Adj Close,Volume
29-05-2019,139.5,139.5,135.699997,136.300003,132.355515,1172556
30-05-2019,136.300003,137.75,134.300003,134.949997,131.044586,1072603
31-05-2019,137.449997,138.149994,130,133.25,129.393784,1955943
03-06-2019,133.600006,133.949997,129.350006,131.600006,127.791542,1744965
04-06-2019,131.949997,135.100006,131,132.600006,128.762604,1904427
06-06-2019,133.199997,133.199997,122.25,124.199997,120.605682,3340850
07-06-2019,123.699997,124.949997,120.349998,121.25,117.741058,1472198
10-06-2019,123,124.699997,117.400002,118,114.585114,1383304
11-06-2019,119.5,121.949997,117.650002,121.199997,117.692505,1084931
12-06-2019,121,122.5,119.949997,121.25,117.741058,995105
13-06-2019,121.900002,121.900002,117.25,120.849998,117.352631,2141212
14-06-2019,121,121.75,118.099998,119,115.556175,1084328
17-06-2019,119.949997,119.949997,116.150002,116.650002,113.274185,904151
18-06-2019,117.25,118.349998,115.099998,116.599998,113.225624,1071057
19-06-2019,117.099998,119.199997,114.349998,115.800003,112.448784,953544
20-06-2019,116.900002,119,115.300003,118.550003,115.119202,974404
21-06-2019,117.400002,119.400002,117.199997,118,114.585114,779167
24-06-2019,118.5,120,117.400002,118.25,114.827881,704158
25-06-2019,118.75,120.349998,117.800003,119.949997,116.478676,739299
26-06-2019,119.900002,121.75,119,121.400002,117.886719,734935
27-06-2019,122,123.099998,120.400002,121.400002,117.886719,1049577
28-06-2019,121,125.5,120.599998,121.849998,118.323692,1942604
01-07-2019,122.599998,122.800003,119.849998,121.199997,117.692505,1043089
02-07-2019,121.199997,121.949997,120.150002,120.599998,117.109871,732411
03-07-2019,121.150002,126,119.599998,125.449997,121.819511,1675185
04-07-2019,126.900002,130.899994,126.099998,129.399994,125.655197,2391787
05-07-2019,130.050003,132.800003,127.199997,130.399994,126.626251,3381576
08-07-2019,130.399994,130.850006,123.099998,124.550003,120.945557,1802378
09-07-2019,123.75,126.400002,122.650002,125.800003,122.159386,1189459
10-07-2019,126.5,127.349998,123.699997,124.199997,120.605682,1083131
11-07-2019,125.5,126.449997,123.900002,125.849998,122.207932,1593546
12-07-2019,126,127.25,124.949997,125.849998,122.207932,773304
15-07-2019,125.849998,125.849998,121.699997,122,118.469353,950379
16-07-2019,122.400002,124.599998,120.599998,124.099998,120.508575,1182949
17-07-2019,124.699997,128.300003,123.300003,127.25,123.567421,1233471
18-07-2019,127.650002,127.650002,121.099998,121.400002,117.886719,1264015
19-07-2019,122,122.699997,116.900002,118,114.585114,1235944
22-07-2019,117.900002,119.300003,115.949997,118.300003,114.876434,934072
23-07-2019,119.550003,119.550003,112.099998,112.599998,109.341385,1442330
24-07-2019,113.900002,113.900002,109.25,110.300003,107.107948,1318468
25-07-2019,110.650002,111.099998,108.349998,109.550003,106.379654,1333844
26-07-2019,111.099998,114.25,110.050003,112.550003,109.292839,1579228
29-07-2019,113,113,108.650002,109,105.845573,1085562
30-07-2019,109.099998,109.949997,101.400002,102.699997,99.72789,1605782
31-07-2019,102.699997,107.400002,101.75,106.650002,103.563583,1244225
01-08-2019,104.75,107.099998,102.849998,105.400002,102.349754,1072041
02-08-2019,104.699997,107.050003,103,104.849998,101.815666,1584476
05-08-2019,104.300003,104.300003,99.150002,103.199997,100.213417,1409678
06-08-2019,101.599998,105.25,101.599998,104.25,101.233032,935228
07-08-2019,104.900002,105.699997,97.050003,97.650002,94.824036,1840088
08-08-2019,98.849998,101,96.550003,100.099998,97.203133,2105092
09-08-2019,100.550003,101.699997,98.699997,99.900002,97.008926,1463811
13-08-2019,100,102.300003,97.150002,98.099998,95.261009,1309920
14-08-2019,98.5,101.449997,98.150002,101.050003,98.125641,1159581
16-08-2019,99.550003,103.199997,99.449997,102.400002,99.436577,1287481
19-08-2019,102.949997,103.199997,101.199997,102.550003,99.582237,995192
20-08-2019,102.5,102.5,97.900002,98.75,95.892204,1363418
21-08-2019,98.75,99.699997,93.25,94.800003,92.056519,1499563
22-08-2019,94.199997,94.949997,89.75,90.550003,87.929512,1523095
23-08-2019,90.599998,94.550003,90,93.449997,90.745583,1604894
26-08-2019,99.75,99.800003,91.5,95.050003,92.299286,2701594
27-08-2019,97.199997,99.199997,96.599998,97.25,94.435616,2123031
28-08-2019,97.400002,97.650002,93.800003,94.5,91.765198,1273207
29-08-2019,93.900002,95.900002,91.400002,91.900002,89.24044,1790291
30-08-2019,92.599998,93.599998,89.099998,92.599998,89.920181,2790355
03-09-2019,93.300003,93.400002,90.449997,91.449997,88.803459,1563352
04-09-2019,91.550003,93.699997,91,93.300003,90.59993,1520379
05-09-2019,93.699997,94.150002,91.849998,93.599998,90.891243,1442523
06-09-2019,94,94.849998,93.25,94.300003,91.570984,1130859
09-09-2019,94.050003,96.25,93.349998,95.550003,92.784813,1351505
11-09-2019,95.75,99.599998,95.550003,99.050003,96.183525,1385377
12-09-2019,100,102.449997,98.949997,101.25,98.319855,1794098
13-09-2019,100.900002,101.349998,96.75,99.849998,96.960365,2298428
16-09-2019,99.050003,100.25,97.650002,98.849998,95.989304,1219073
17-09-2019,98.5,99.550003,94.800003,95.150002,92.396385,1262077
18-09-2019,95.949997,96.849998,94.400002,96,93.221786,1578633
19-09-2019,95.949997,95.949997,93.75,94.550003,91.813751,1560527
20-09-2019,94.75,102.699997,90.900002,100.25,97.348793,4497203
23-09-2019,102.900002,103.050003,98.5,100.599998,97.68866,4499791
24-09-2019,100.599998,101.550003,98.699997,99.150002,96.280624,1471640
25-09-2019,99,99,93.099998,93.599998,90.891243,1723624
26-09-2019,94,97.650002,93.849998,95.800003,93.02758,2152479
27-09-2019,94.900002,96.699997,93.849998,95.150002,92.396385,1876894
30-09-2019,95.400002,95.550003,91.5,93.050003,90.357162,2176668
01-10-2019,94.5,94.699997,85.699997,91.25,88.609253,3058984
03-10-2019,90.550003,93.050003,89.449997,90.849998,88.220825,1953490
04-10-2019,91.900002,92.400002,88,88.699997,86.133041,1797577
07-10-2019,88.699997,89.25,85.699997,87.099998,84.579346,2093517
09-10-2019,86.550003,91.5,86.050003,91.050003,88.415039,2063483
10-10-2019,90.300003,90.300003,87.300003,87.800003,85.259094,1722772
11-10-2019,88.650002,91.199997,86.349998,90.800003,88.172279,2024691
14-10-2019,89,90.949997,87.150002,88.300003,85.744629,2004822
15-10-2019,88.650002,88.75,86.900002,88,85.453308,1724573
16-10-2019,88.599998,89.849998,87.050003,87.300003,84.773567,1250179
17-10-2019,87.300003,89.400002,86.300003,89,86.424362,1895726
18-10-2019,89.449997,90.800003,88.099998,89.75,87.152657,1470317
22-10-2019,90,92.5,89.150002,90.150002,87.541084,1727683
23-10-2019,90.099998,92.849998,89.550003,92.550003,89.871628,1331978
24-10-2019,92.949997,93.550003,88,89.900002,87.298317,1880919
25-10-2019,90.400002,92.099998,88.75,91.5,88.852013,2214838
27-10-2019,92.400002,92.550003,91.349998,91.699997,89.046227,180857
29-10-2019,91.300003,93.599998,90.349998,93.050003,90.357162,1386730
30-10-2019,93.5,97.099998,92.800003,95.550003,92.784813,1921276
31-10-2019,96.099998,99,95.699997,97.199997,94.387054,2466826
01-11-2019,97.599998,101,97,99.949997,97.057472,2417497
04-11-2019,100.550003,103.75,100.5,102,99.048149,3957996
05-11-2019,102.150002,103.949997,101.199997,101.849998,98.902489,4859196
06-11-2019,101.75,101.949997,98.699997,99.400002,96.523392,1825456
07-11-2019,99.800003,100.699997,95.699997,96.099998,93.318893,2018384
08-11-2019,96.199997,97.099998,93.349998,93.800003,91.085457,3386262
11-11-2019,94,98.900002,94,96.5,93.707314,2566103
13-11-2019,97,97.349998,93,93.349998,90.648476,1197124
14-11-2019,93.400002,94,90.599998,93.300003,90.59993,1731653
15-11-2019,93.900002,96.550003,93.699997,94.300003,91.570984,1932630
18-11-2019,94.699997,96.150002,94.349998,95.849998,93.076126,1204651
19-11-2019,96,99.5,95.849998,98.900002,96.037865,2470177
20-11-2019,100,101.300003,98.050003,98.949997,96.086411,2713959
21-11-2019,99.400002,100.449997,98.349998,98.599998,95.746544,1608202
22-11-2019,98.650002,99.800003,98.400002,99.050003,96.183525,1475059
25-11-2019,99.050003,100.849998,98.900002,100.550003,97.640114,1372385
26-11-2019,101.300003,103.150002,99.150002,99.900002,97.008926,2334434
27-11-2019,100.349998,102.699997,99.400002,102.199997,99.242355,1179098
28-11-2019,103,106.800003,102.599998,106.449997,103.369362,3260301
29-11-2019,107,108.25,104.400002,104.900002,101.864227,3347523
02-12-2019,105,106.150002,104,104.449997,101.427246,1840353
03-12-2019,104.5,104.900002,100.599998,101.199997,98.271294,3281862
04-12-2019,100.75,104.099998,100.25,103.75,100.747505,1499629
05-12-2019,105,105.650002,101.699997,102.25,99.290916,2153870
06-12-2019,103.449997,103.650002,96.400002,97.150002,94.338509,2249852
09-12-2019,97.800003,98.400002,95.550003,96.900002,94.095741,1936919
10-12-2019,97.550003,98.150002,95.199997,95.599998,92.833359,1335780
11-12-2019,96,96.5,94.199997,95.650002,92.88192,1150415
12-12-2019,96.050003,98.25,95.800003,97.900002,95.066803,913913
13-12-2019,98.5,102.099998,98.349998,101.75,98.805382,1728629
16-12-2019,102.550003,102.550003,100.400002,101,98.077087,991188
17-12-2019,101.300003,103.449997,101.300003,102.25,99.290916,1163129
18-12-2019,101.449997,101.449997,98.5,98.900002,96.037865,1211041
19-12-2019,98.900002,99.349998,97.599998,98.550003,95.69799,1066143
20-12-2019,99.5,101.199997,99.25,100.699997,97.785767,1220776
23-12-2019,100.800003,101.099998,99.25,99.699997,96.814705,827832
24-12-2019,99.699997,100.650002,99.699997,99.849998,96.960365,676052
26-12-2019,100.099998,100.349998,98.650002,99,96.134964,955136
27-12-2019,99.949997,104.599998,99.75,104.199997,101.184479,2005153
30-12-2019,104,104.349998,102.050003,102.949997,99.97065,829051
31-12-2019,102.949997,103.199997,101.650002,101.900002,98.951042,745555
01-01-2020,102.099998,102.650002,101.300003,101.849998,98.902489,600815
02-01-2020,101.75,104.849998,101.75,104.400002,101.378693,934048
03-01-2020,104.300003,104.300003,100.199997,100.849998,97.931427,1029844
06-01-2020,100,100,95.400002,95.800003,93.02758,1457518
07-01-2020,97.150002,98.099998,94.75,96.099998,93.318893,1573618
08-01-2020,94,95.800003,93.550003,95.25,92.493492,1627204
09-01-2020,96.650002,98,96.550003,97.25,94.435616,1235976
10-01-2020,98.449997,98.949997,96.650002,97,94.192848,1316001
13-01-2020,97.5,98.150002,96.949997,97.550003,94.726936,600592
14-01-2020,97.800003,98.699997,96.699997,97.75,94.921143,762118
15-01-2020,98,98.25,96.349998,98.050003,95.212463,898843
16-01-2020,98,99,97.349998,97.599998,94.775482,697967
17-01-2020,97,98.199997,95.400002,97.300003,94.484169,815247
20-01-2020,98.300003,98.300003,94.300003,94.75,92.007957,856976
21-01-2020,94.949997,95.75,94.099998,94.75,92.007957,671565
22-01-2020,95.300003,95.75,93.599998,94.25,91.52243,760754
23-01-2020,94.349998,96.25,94,94.800003,92.056519,906596
24-01-2020,95.199997,96.550003,94.849998,95.599998,92.833359,870371
27-01-2020,92.650002,93.800003,92,92.349998,89.677414,1450962
28-01-2020,92.650002,93.599998,92.199997,93.300003,90.59993,626521
29-01-2020,94.150002,94.199997,93.349998,93.650002,90.939796,512443
30-01-2020,93.199997,93.5,92.050003,93.050003,90.357162,549373
31-01-2020,93.150002,94.099998,92.300003,92.650002,89.968735,571442
03-02-2020,89,89.349998,85.400002,85.900002,83.414078,1106522
04-02-2020,86.300003,87.900002,86.150002,87.099998,84.579346,725298
05-02-2020,87.25,88.699997,87.099998,88.150002,85.598969,1113357
06-02-2020,88.699997,92.5,88,91.650002,88.997673,1395593
07-02-2020,91.699997,92.699997,90.349998,92.050003,89.386101,840068
10-02-2020,92.050003,92.25,89.650002,90.099998,87.492531,432867
11-02-2020,91,91.599998,90,90.300003,87.686745,404443
12-02-2020,90.800003,91.199997,87.599998,88.199997,85.647514,768465
13-02-2020,91.199997,91.199997,87.800003,88.050003,85.501862,547982
14-02-2020,88.099998,88.900002,86.199997,86.349998,83.851051,581538
17-02-2020,86.25,86.349998,82,82.25,79.869705,842460
18-02-2020,82.25,82.300003,78.150002,81.050003,78.704437,1166188
19-02-2020,81.050003,82.5,80.199997,81.099998,78.752983,676728
20-02-2020,80.800003,83.199997,80.25,82.300003,79.918266,674958
24-02-2020,81.699997,82.099998,79.699997,79.949997,77.636269,725214
25-02-2020,80.150002,81.199997,79.449997,80.050003,77.733376,625597
26-02-2020,79.5,81.050003,79.099998,80.25,77.927589,556969
27-02-2020,80.25,80.349998,77.300003,78.25,75.985466,886733
28-02-2020,75.800003,77.550003,73.400002,76.5,74.28611,1611843
02-03-2020,77,78.099998,70.400002,71.150002,69.090942,1845526
03-03-2020,71.449997,73.349998,71.050003,73,70.887398,949310
04-03-2020,73.5,74.099998,71.25,73.300003,71.178719,831232
05-03-2020,73.349998,75.349998,70.699997,73.650002,71.518593,874732
06-03-2020,69.099998,72.599998,68.900002,71.800003,69.72213,1055402
09-03-2020,69.5,72.5,68.599998,69.400002,67.391586,910313
11-03-2020,69.400002,70.699997,65.25,66.349998,64.429848,1204517
12-03-2020,62.349998,62.849998,56.200001,56.650002,55.010567,2378480
13-03-2020,51,66.300003,47,65.25,63.361683,3758445
16-03-2020,63,64.449997,60.349998,63.650002,61.807987,1262051
17-03-2020,64.949997,69.599998,62.150002,66.099998,64.18708,1557234
18-03-2020,66.400002,67.150002,63,65.099998,63.216022,1523021
19-03-2020,61.5,69,60.25,61.450001,59.671654,1973722
20-03-2020,62.200001,66.800003,61.900002,63.25,61.419563,1393983
23-03-2020,58,61,52.950001,53.950001,52.388702,983018
24-03-2020,55,56.799999,51.75,55.349998,53.748184,1414952
25-03-2020,52.150002,59.950001,52.150002,58.200001,56.515709,1343975
26-03-2020,59.5,60.099998,54.900002,55.950001,54.330822,1594213
27-03-2020,57.650002,61.5,53.349998,54.400002,52.82568,2345166
30-03-2020,53.450001,53.849998,51.349998,52.450001,50.932114,820139
31-03-2020,53,56,51.650002,53.549999,52.000278,1139998
01-04-2020,54,54,50.849998,51.200001,49.718288,976457
03-04-2020,51.650002,51.700001,48.5,48.700001,47.290638,1123835
07-04-2020,50.75,50.75,47.700001,48.099998,46.707996,1439713
08-04-2020,48.349998,51.5,47.400002,48.299999,46.90221,1493811
09-04-2020,50.299999,51.900002,48.799999,50.849998,49.378414,1884402
13-04-2020,51.200001,51.25,48.700001,49.849998,48.407352,1017266
15-04-2020,50,51.900002,48.549999,48.950001,47.533401,1255705
16-04-2020,49.5,50.200001,48.349998,49.549999,48.116035,1132188
17-04-2020,50.599998,52.299999,49.049999,50.150002,48.698673,1753268
20-04-2020,51.25,53.200001,49.700001,51.200001,49.718288,2650536
21-04-2020,50,50.049999,48.400002,48.599998,47.193527,1208673
22-04-2020,48.700001,48.900002,47.049999,48.299999,46.90221,1457749
23-04-2020,48.599998,49.200001,48.049999,48.450001,47.047871,981032
24-04-2020,47.799999,48.049999,46.150002,46.400002,45.057198,1207774
27-04-2020,47.25,47.799999,46.599998,46.75,45.397068,836233
28-04-2020,47,47.5,46.700001,47.299999,45.931149,904293
29-04-2020,47.75,48.599998,47.25,48.099998,46.707996,1240067
30-04-2020,48.75,51.200001,48.450001,49.200001,47.776165,2023880
04-05-2020,48.5,48.5,45.5,45.900002,44.571667,1544436
05-05-2020,46.299999,46.5,43.849998,44,42.726654,1517124
06-05-2020,44.25,44.25,41.799999,42.299999,41.075848,1687606
07-05-2020,42,43.25,41.549999,42.5,41.270061,815586
08-05-2020,43.150002,43.349998,41.049999,41.150002,39.959133,1180047
11-05-2020,42,42,40.549999,41,39.813473,1051440
12-05-2020,40.5,41.599998,39.400002,41.049999,39.862022,1281447
13-05-2020,44,45.150002,42.25,44.200001,42.920864,2890415
14-05-2020,43.900002,44.849998,42.849998,43.150002,41.901253,1077772
15-05-2020,43.799999,43.799999,41.450001,41.549999,40.347553,1220862
18-05-2020,42,42,38.299999,38.599998,37.482925,1817588
19-05-2020,39.5,39.5,36.299999,36.5,35.443699,2232338
20-05-2020,36.299999,37.200001,36.049999,36.700001,35.637913,1655311
21-05-2020,37,39.049999,36.599998,37.5,36.414761,3145062
22-05-2020,37.799999,39.25,36.75,37.450001,36.366207,2740902
26-05-2020,38.200001,38.299999,36.700001,37.099998,36.026333,1325866
27-05-2020,37.650002,38.900002,36.799999,38.450001,37.337269,1875781
28-05-2020,38.650002,39.950001,38.349998,38.599998,37.482925,2275309
29-05-2020,38.700001,39.099998,37.5,38.900002,37.774246,1572172
01-06-2020,39.700001,42.75,39.549999,42.450001,41.221508,5079826
02-06-2020,42.700001,43.099998,41.349998,42.099998,40.881638,2191254
03-06-2020,43,45.099998,42.349998,43.200001,41.949806,3869812
04-06-2020,43.5,45.099998,42.25,42.849998,41.609932,3349619
05-06-2020,43.400002,47,43.150002,46.5,45.154305,3672703
08-06-2020,48.900002,49,45.450001,45.799999,44.47456,3917068
09-06-2020,46,47.5,44.400002,45.799999,44.47456,3914592
10-06-2020,46,47.400002,45.599998,47,45.639832,2620427
11-06-2020,47.349998,47.950001,45,45.150002,43.843372,2513561
12-06-2020,42.200001,45.599998,42,45.400002,44.08614,2354521
15-06-2020,45.049999,46.299999,43.650002,45.900002,44.571667,3238582
16-06-2020,46.950001,47.400002,43.75,44.799999,43.503498,2323429
17-06-2020,44.599998,45.650002,43.849998,44.900002,43.600609,2175147
18-06-2020,44.549999,46.450001,44.549999,45.950001,44.62022,2519971
19-06-2020,null,null,null,null,null,null
22-06-2020,47.25,50.099998,47.25,49.400002,47.970379,3967945
23-06-2020,50.5,51.049999,49.5,50.450001,48.98999,4310706
24-06-2020,54.900002,55,51.200001,51.599998,50.106709,6986304
25-06-2020,50.599998,53,50.049999,52.049999,50.543686,4145270
26-06-2020,52.799999,53.099998,51.5,51.849998,50.349472,2811209
29-06-2020,51.25,51.5,48.950001,49.299999,47.873272,3098139
30-06-2020,50.200001,50.25,48.299999,48.599998,47.193527,1763386
01-07-2020,48.599998,51.650002,48.200001,51.349998,49.863945,4483417
02-07-2020,51.549999,52.400002,50.549999,51.450001,49.961052,1865977
03-07-2020,null,null,null,null,null,null
06-07-2020,51.450001,51.950001,50.900002,51.400002,49.912498,1837440
07-07-2020,51.5,51.5,49.75,50.75,49.281307,1609084
08-07-2020,51,54.099998,50.849998,52.700001,51.174877,4882605
09-07-2020,53.400002,53.5,51.950001,52.849998,51.320534,1371895
10-07-2020,52.450001,53.299999,50.900002,51.549999,50.058155,1899978
13-07-2020,52.099998,52.450001,50.099998,50.549999,49.087097,1348511
14-07-2020,50.599998,50.599998,48.099998,49.049999,47.630505,2099751
15-07-2020,49.5,49.849998,47.200001,47.599998,46.222469,2284928
16-07-2020,47.950001,48.349998,46.849998,48.099998,46.707996,1854630
17-07-2020,48.5,49.700001,48.099998,49.400002,47.970379,899169
20-07-2020,49.549999,50.349998,48.400002,48.650002,47.242085,2500561
21-07-2020,49.200001,50.5,48.75,49.400002,47.970379,1213987
22-07-2020,49.75,49.950001,48.349998,48.700001,47.290638,1227766
23-07-2020,48.799999,49.650002,48.349998,49.200001,47.776165,1654000
24-07-2020,48.75,49.049999,47.700001,48.599998,47.193527,865603
27-07-2020,48.700001,48.75,46.5,46.700001,45.348515,1851721
28-07-2020,46.900002,47.25,46,46.799999,45.445621,1166055
29-07-2020,47.099998,48.650002,46.849998,47.299999,45.931149,1390817
30-07-2020,48,48,45.75,46,44.668774,1789161
31-07-2020,46.099998,47.150002,45.450001,46.799999,45.445621,2012245
03-08-2020,46.700001,47.5,46.099998,46.849998,45.494171,1299250
04-08-2020,47.099998,47.150002,45.900002,46.549999,45.202854,1007843
05-08-2020,46.900002,47.450001,46.299999,46.400002,45.057198,1704969
06-08-2020,46.900002,47,45.950001,46.25,44.911537,1364978
07-08-2020,46.799999,48.799999,46.099998,48.450001,47.047871,1476965
10-08-2020,49,49.200001,47.900002,48.549999,47.144974,1968441
11-08-2020,47.099998,48.349998,46.700001,47.099998,45.736938,1355527
12-08-2020,47.849998,49.849998,47.200001,48.599998,47.193527,3061851
13-08-2020,48.75,49.049999,47.849998,48.099998,46.707996,809695
14-08-2020,48.599998,48.599998,45.849998,46.099998,44.765877,1599108
17-08-2020,46.549999,46.799999,45.650002,46.150002,44.814434,1633715
18-08-2020,46.200001,46.599998,45.650002,46.450001,45.105751,1175812
19-08-2020,46.849998,47.75,46.650002,47.549999,46.173916,1545660
20-08-2020,47.349998,48,46.5,47.450001,46.076813,838173
21-08-2020,48.25,48.799999,47.700001,48.299999,46.90221,1205922
24-08-2020,48.799999,48.849998,47.549999,48.400002,46.999317,1358746
25-08-2020,48.549999,49.5,48.400002,48.650002,47.242085,3187696
26-08-2020,48.650002,49.099998,48.200001,48.450001,47.047871,792207
27-08-2020,48.599998,49.5,48.549999,48.700001,47.290638,1300711
28-08-2020,49,52.200001,49,51.650002,50.155266,4489059
31-08-2020,53.25,53.549999,48,48.900002,47.484848,5980310
01-09-2020,48.950001,49.849998,46.849998,47.549999,46.173916,1694474
02-09-2020,47.950001,48.200001,46.700001,47.299999,45.931149,1163274
03-09-2020,47.799999,47.900002,47.049999,47.299999,45.931149,1289500
04-09-2020,46.75,47.049999,45.799999,45.900002,44.571667,2252878
07-09-2020,46,46.5,45,46.299999,44.960091,1546585
08-09-2020,46.25,46.450001,45.099998,45.299999,43.989029,5535139
09-09-2020,44.549999,44.849998,43.799999,44.450001,43.163631,3285633
10-09-2020,45,45.75,44.650002,45.599998,44.280346,1673058
11-09-2020,45.599998,46.099998,45.299999,46,44.668774,2774706
14-09-2020,46.049999,46.599998,46,46.150002,44.814434,2042077
15-09-2020,46.400002,46.700001,45.650002,46.549999,45.202854,1010821
16-09-2020,46.5,46.75,45.799999,46.450001,45.105751,1036499
17-09-2020,45.849998,46.299999,45.5,45.599998,44.280346,1845003
18-09-2020,45.900002,45.950001,44.900002,45.049999,43.746265,1063787
21-09-2020,45.099998,45.299999,42.5,42.849998,41.609932,1517364
22-09-2020,42.299999,42.950001,40.900002,42.349998,41.124401,2610160
23-09-2020,42.400002,42.75,40.849998,41.549999,40.347553,2194346
24-09-2020,41,41,39.650002,39.799999,38.648197,1618192
25-09-2020,40.150002,41.799999,39.5,41.599998,40.396107,804669
28-09-2020,42,43.450001,41.650002,43.349998,42.095463,4825424
29-09-2020,43.599998,43.599998,40.75,41.349998,40.153339,1771806
30-09-2020,41.599998,41.599998,40.349998,41.049999,39.862022,4573961
01-10-2020,41.299999,42.599998,41.099998,41.900002,40.687428,2680282
05-10-2020,42,42.799999,41.450001,41.599998,40.396107,2773818
06-10-2020,42,42.25,40.849998,42.049999,40.833084,3465534
07-10-2020,41.700001,42.200001,41.299999,41.450001,40.25045,1912484
08-10-2020,41.650002,43.400002,41.650002,42.650002,41.415722,2842479
09-10-2020,42.25,44.450001,41.900002,44.299999,43.017971,3046421
12-10-2020,44.799999,45.549999,41.25,41.900002,40.687428,3184898
13-10-2020,41.900002,42.150002,41.200001,41.299999,40.10479,2510382
14-10-2020,41.5,42.25,40.400002,42.099998,40.881638,1143676
15-10-2020,41.599998,42.75,40,40.400002,39.230835,2863560
16-10-2020,40.650002,41.099998,40,40.349998,39.182281,3074284
19-10-2020,40.75,43.849998,40.599998,43.599998,42.338226,4174777
20-10-2020,42.900002,43.25,41.5,41.849998,40.63887,2255915
21-10-2020,42.299999,43.299999,41.700001,42.599998,41.367165,4263875
22-10-2020,42.299999,43.200001,41.849998,42.799999,41.561378,1250261
23-10-2020,43,43.650002,42.799999,43.200001,41.949806,2345639
26-10-2020,43.25,43.75,42.549999,42.700001,41.464275,5522724
27-10-2020,42.549999,43.099998,41.549999,42.900002,41.658489,3652393
28-10-2020,42.5,43.150002,41.650002,42.049999,40.833084,1948563
29-10-2020,41.599998,43.400002,41.099998,42.900002,41.658489,2103440
30-10-2020,43.299999,43.400002,41.400002,41.650002,40.44466,2828025
02-11-2020,42.099998,45.150002,41.849998,44.799999,43.503498,3613025
03-11-2020,44.849998,45.75,43.849998,45.049999,43.746265,3049714
04-11-2020,44.549999,45.299999,43.400002,45.049999,43.746265,3393970
05-11-2020,44.299999,46.549999,44.299999,45.75,44.426006,2390521
06-11-2020,45.349998,46.400002,45.200001,45.799999,44.47456,2583637
09-11-2020,46.049999,47.349998,46,46.75,45.397068,3267894
10-11-2020,47,48.75,46.549999,48.200001,46.805107,3249047
11-11-2020,48.450001,48.900002,46.650002,47.150002,45.785492,2386911
12-11-2020,46.900002,47.200001,45.450001,45.599998,44.280346,1417678
13-11-2020,45.650002,46.700001,44.450001,46.549999,45.202854,917943
14-11-2020,47,47.200001,46.450001,46.650002,45.299965,384023
17-11-2020,46.549999,47.900002,46.549999,47.549999,46.173916,1681501
18-11-2020,47.150002,49.849998,46.950001,49.599998,48.164589,4130946
19-11-2020,49.299999,49.349998,47.599998,47.950001,46.56234,2084030
20-11-2020,47.650002,48.25,47.25,47.5,46.125362,1336141
23-11-2020,48,48.150002,46.700001,46.900002,45.542728,1239100
24-11-2020,47.150002,47.349998,46,46.849998,45.494171,2364543
25-11-2020,47.5,50.700001,47.400002,49,47.581955,7068245
26-11-2020,49,51.450001,48.299999,51.099998,49.621178,2257039
27-11-2020,51.5,52.450001,50.599998,51.299999,49.815392,2537042
01-12-2020,51.700001,54.200001,51.200001,53.75,52.194489,2131700
02-12-2020,54.049999,55.25,53.049999,54.099998,52.534359,3145054
03-12-2020,54.849998,58.650002,54.400002,58.299999,56.612812,6884097
04-12-2020,59,59.75,56.599998,59.049999,57.34111,4731337
07-12-2020,59.5,60.950001,58.5,60.150002,58.409279,3999355
08-12-2020,60.400002,66.150002,60,65.300003,63.41024,6491176
09-12-2020,67.25,67.599998,64.199997,65.599998,63.701553,7593534
10-12-2020,65,66.800003,62.900002,66.349998,64.429848,5907824
11-12-2020,66.449997,68.199997,65,65.449997,63.555893,5238335
14-12-2020,66.400002,67.5,66.150002,66.949997,65.012482,3887089
15-12-2020,67.5,68.099998,65.550003,67.150002,65.206696,2391499
16-12-2020,67.849998,68,65.699997,66.449997,64.526955,3308761
17-12-2020,66.400002,67.150002,63.349998,63.75,61.905094,3730342
18-12-2020,63.849998,64.300003,62,63.099998,61.273903,2314386
21-12-2020,62,63.5,56.799999,58.700001,57.00124,5603333
22-12-2020,58,60,56.200001,58.849998,57.146896,2996677
23-12-2020,58.950001,60.799999,58.049999,60.549999,58.797699,2004762
24-12-2020,61,63.25,60.599998,60.849998,59.089016,2224472
28-12-2020,61.099998,62.950001,61.099998,62.400002,60.594162,2036951
29-12-2020,63.049999,64.199997,62.099998,62.349998,60.545609,2825856
30-12-2020,62.950001,63,60.75,62.099998,60.302841,2025945
31-12-2020,61.950001,62.549999,61.099998,61.5,59.720207,1535633
01-01-2021,61.5,64.800003,61.5,64.5,62.633389,4016824
04-01-2021,65.25,66.25,64.349998,65.800003,63.895771,3352453
05-01-2021,64.800003,66.199997,64.75,65.599998,63.701553,2732501
06-01-2021,65.599998,67.650002,64.699997,65.5,63.604446,4513362
07-01-2021,66.199997,67,65.75,66.150002,64.235641,2443291
08-01-2021,66.800003,67.099998,65.349998,65.550003,63.653004,1794155
11-01-2021,66.400002,66.400002,63.700001,64.199997,62.342068,2456506
12-01-2021,63.150002,71.699997,63.150002,70.75,68.702515,4112152
13-01-2021,71.599998,76,70.099998,75.199997,73.023727,9789357
14-01-2021,75.599998,77.849998,74.75,76.150002,73.946243,3650443
15-01-2021,76.5,77.800003,72.900002,75.199997,73.023727,3249784
18-01-2021,75.349998,77.099998,72,72.949997,70.838844,4963008
19-01-2021,73.25,76,73.25,75.800003,73.606369,2108692
20-01-2021,76.150002,80.349998,75.050003,79.400002,77.102188,4580522
21-01-2021,80.099998,80.849998,75.099998,76.25,74.043343,2683559
22-01-2021,76.300003,77.349998,73,73.300003,71.178719,2558721
25-01-2021,74.900002,76.150002,70.400002,73.800003,71.664253,3248286
27-01-2021,73.75,75.449997,72,73.849998,71.712799,3399926
28-01-2021,72.5,72.800003,64.550003,66.75,64.818275,8497153
29-01-2021,68,70.150002,66.400002,68.050003,66.080658,5460816
01-02-2021,69.050003,74.349998,67.699997,73.900002,71.761353,6065179
02-02-2021,75.199997,76.949997,73.300003,74.650002,72.489655,6447914
03-02-2021,75.199997,78.800003,73.400002,77.099998,74.868744,5879014
04-02-2021,77.5,83.099998,76.099998,82.050003,79.675499,6090425
05-02-2021,83.449997,89,81.75,82.5,80.112473,8380706
08-02-2021,84.400002,85.099998,80.050003,80.949997,78.607323,2889926
09-02-2021,82,83.199997,78.949997,80.150002,77.830482,3966633
10-02-2021,80.449997,81.099998,77.5,79.550003,77.247849,3485369
11-02-2021,80,81.150002,76.800003,77.150002,74.917305,4724389
12-02-2021,77.699997,79.5,77,78.349998,76.082573,5099073
15-02-2021,78.650002,80.699997,78.599998,79.599998,77.296394,2708790
16-02-2021,80.5,81.75,78.599998,79.650002,77.344955,4295200
17-02-2021,79.699997,85.5,79.300003,84.150002,81.714722,7075157
18-02-2021,85.800003,96.699997,84.449997,95.599998,92.833359,15205870
19-02-2021,96.25,99.800003,88.699997,91.050003,88.415039,10237040
22-02-2021,91.300003,93.699997,88.800003,89.550003,86.95845,3485337
23-02-2021,90.400002,91.550003,86.099998,86.800003,84.288033,3625721
24-02-2021,87.699997,90.300003,85.25,88.800003,86.230156,8642298
25-02-2021,90,90.699997,89.099998,89.900002,87.298317,5361803
26-02-2021,87.25,87.25,85,85.400002,82.928551,5307752
01-03-2021,85.699997,86.349998,82.900002,83.300003,80.88932,3385057
02-03-2021,83.650002,85.25,83,83.199997,80.792213,2435291
03-03-2021,84.650002,86.900002,84.050003,85.599998,83.122757,3639297
04-03-2021,85.5,87.800003,83.449997,85.800003,83.316978,5690583
05-03-2021,85.300003,85.75,79.5,80.650002,78.31601,6288430
08-03-2021,82.449997,83.5,80.699997,81.300003,78.947205,4814613
09-03-2021,82.099998,82.849998,78.699997,80.349998,78.024689,3025209
10-03-2021,81,81.900002,79.650002,80,77.684822,2341545
12-03-2021,80.800003,80.900002,76.650002,77.349998,75.111511,3602549
15-03-2021,78,79.699997,76,78.900002,76.616661,5126240
16-03-2021,79.699997,79.949997,76.449997,78.800003,76.519554,4339202
17-03-2021,78.800003,79,74.300003,74.949997,72.780968,2273640
18-03-2021,75.300003,76.949997,71,71.949997,69.867783,4812336
19-03-2021,70.75,74.349998,69.550003,73.75,71.615692,6099585
22-03-2021,74.199997,74.650002,71.75,72.449997,70.353317,3029423
23-03-2021,73.050003,75.849998,72.849998,74.25,72.101227,3107803
24-03-2021,74,75.099998,71.400002,71.75,69.673576,1818345
25-03-2021,72.25,72.349998,68,70.050003,68.022774,3514969
26-03-2021,71.5,71.900002,70.300003,70.75,68.702515,2608729
30-03-2021,71.699997,74.150002,70.900002,72.300003,70.207664,2534734
31-03-2021,72,75.449997,71.650002,74.150002,72.00412,3841604
01-04-2021,74.550003,76,73.449997,75.650002,73.460709,2567917
05-04-2021,75.349998,75.349998,70.75,72.550003,70.450424,3393652
06-04-2021,72.650002,74.25,71.800003,72.800003,70.693192,1574648
07-04-2021,73.25,75.550003,72.199997,74.099998,71.955566,1998936
08-04-2021,74.25,75.550003,73.25,73.449997,71.324371,2369310
09-04-2021,73.449997,77.449997,72.900002,74,71.858459,2642610
12-04-2021,68.75,71.75,64.800003,66.050003,64.138535,7050135
13-04-2021,67.150002,69.25,66.300003,68.900002,66.906052,2484079
15-04-2021,67.900002,69.300003,66.300003,68.25,66.274864,2678390
16-04-2021,68.400002,69.5,67.050003,67.300003,65.352356,2077330
19-04-2021,65.75,65.75,62.5,63.799999,61.953644,2612041
20-04-2021,64.5,65.75,62.700001,63.200001,61.37101,1906254
22-04-2021,62.25,64.199997,61.799999,63.049999,61.225349,2109516
23-04-2021,62.799999,64.949997,62.549999,62.950001,61.128246,2002252
26-04-2021,63.5,64.449997,63.200001,63.5,61.662327,1423645
27-04-2021,64.099998,65.699997,63.650002,65.300003,63.41024,2130484
28-04-2021,65.849998,68.150002,65.75,67.849998,65.886436,2562889
29-04-2021,68.5,69.75,66.050003,66.75,64.818275,4366987
30-04-2021,66,68.400002,64.650002,66.75,64.818275,2565884
03-05-2021,66.300003,66.949997,64.300003,66.699997,64.769714,2143258
04-05-2021,67,72.900002,67,70.400002,68.362648,9295535
05-05-2021,71.900002,72.949997,70.900002,72.349998,70.25621,4274329
06-05-2021,73.099998,73.400002,70.099998,70.599998,68.556854,2471616
07-05-2021,71.400002,71.699997,69.849998,70.550003,68.508308,1353700
10-05-2021,70.900002,74.349998,70.650002,73.400002,71.275826,4478999
11-05-2021,72.300003,74.599998,71.199997,74.050003,71.907013,2236724
12-05-2021,73.900002,79.900002,73.900002,77.449997,75.208618,9957408
14-05-2021,78.099998,79.599998,73.349998,74.050003,71.907013,5569014
17-05-2021,74.75,77.75,73.800003,77.150002,74.917305,4559022
18-05-2021,78.099998,78.5,76.300003,76.75,74.528877,4612019
19-05-2021,76.25,78.199997,76,76.699997,74.480324,2415003
20-05-2021,77.599998,77.599998,75.900002,76.5,74.28611,1956961
21-05-2021,77.099998,81.199997,77.099998,80.800003,78.46167,5456546
24-05-2021,82.449997,83.349998,80.300003,81.349998,78.99575,4526282
25-05-2021,82,82.400002,80.400002,80.800003,78.46167,2397486
26-05-2021,80.949997,82.300003,80.050003,80.599998,78.267456,2506584
27-05-2021,81,84.150002,79.849998,83.449997,81.034981,3897499
28-05-2021,84.5,84.650002,81.849998,83.849998,81.423401,4530988
31-05-2021,82.25,83.449997,79.150002,80.699997,78.364563,7041465
01-06-2021,81.099998,81.300003,78.800003,79.349998,77.053635,3055480
02-06-2021,79.349998,81.849998,78.550003,81.199997,78.85009,3870544
03-06-2021,81.949997,82.800003,81.5,81.849998,79.481285,3577784
04-06-2021,82.349998,82.849998,81.150002,81.849998,79.481285,3437237
07-06-2021,82.25,84.099998,81.849998,82.849998,80.452339,4617903
08-06-2021,83.199997,83.199997,80.199997,81.849998,79.481285,2364538
09-06-2021,82.75,86.199997,81.199997,81.849998,79.481285,8130852
10-06-2021,82.349998,85.300003,81.849998,84.75,82.297356,5748326
11-06-2021,85.050003,85.900002,84.199997,84.5,82.054596,2640676
14-06-2021,84.050003,85.800003,81,85.050003,82.588676,5074720
15-06-2021,84.150002,86.400002,84.150002,85.050003,82.588676,2881626
16-06-2021,85.050003,87,84.099998,84.400002,81.957489,2667262
17-06-2021,83.5,84.599998,81.300003,81.849998,79.481285,3057097
18-06-2021,82.5,84.199997,77.150002,80.150002,77.830482,3179506
21-06-2021,79.199997,83,77.400002,82.449997,80.063919,3068530
22-06-2021,83.099998,84.199997,81.400002,81.849998,79.481285,3142222
23-06-2021,82.599998,83.650002,81.25,82.25,79.869705,2170701
24-06-2021,82.699997,82.949997,80.599998,80.849998,78.510223,1105320
25-06-2021,81.699997,84,81,83.449997,81.034981,2537270
28-06-2021,84.400002,88.349998,84.300003,87.800003,85.259094,5621796
29-06-2021,88.199997,88.900002,86.400002,87.099998,84.579346,2767053
30-06-2021,87.5,88.050003,85.550003,85.949997,83.462631,1850196
01-07-2021,86.400002,87,85.349998,86,83.511185,2273858
02-07-2021,86.300003,86.5,84.800003,85.199997,82.734329,1365072
05-07-2021,85.300003,86.75,84.650002,86.349998,83.851051,2083113
06-07-2021,86.599998,87.150002,85.150002,85.5,83.02565,2349880
07-07-2021,85,86.449997,84.599998,86.099998,83.608292,1803598
08-07-2021,86.400002,87,82.849998,83.5,81.083534,2536013
09-07-2021,83.5,84.099998,82.400002,83.650002,81.229195,1956049
12-07-2021,84.400002,84.650002,83,83.300003,80.88932,1803364
13-07-2021,84.5,84.900002,83.900002,84.650002,82.200256,1414707
14-07-2021,84.949997,85.099998,84.050003,84.199997,81.763275,2297162
15-07-2021,84.5,84.849998,83.400002,83.699997,81.27774,2080484
16-07-2021,84.400002,84.400002,81.400002,81.75,79.384178,1591492
19-07-2021,81.650002,81.650002,79.650002,80.150002,77.830482,2619201
20-07-2021,80,80.5,78.449997,78.949997,76.665207,2211163
22-07-2021,80,81.349998,79.699997,80.199997,77.879028,1867014
23-07-2021,80.5,80.599998,79,79.849998,77.539162,933824
26-07-2021,80,80.199997,79,79.699997,77.393501,627259
27-07-2021,80,81.099998,79.25,80,77.684822,2098341
28-07-2021,80.150002,80.199997,76.900002,78.050003,75.79126,1389700
29-07-2021,78.900002,81.150002,77.650002,80.599998,78.267456,1536736
30-07-2021,80.75,81.5,79.800003,80.300003,77.976143,989169
02-08-2021,80.800003,81.75,80.349998,80.650002,78.31601,985890
03-08-2021,81,83.050003,80.550003,82.699997,80.306679,6327380
04-08-2021,83.25,83.849998,80.849998,83.349998,80.937874,6690684
05-08-2021,83.900002,83.900002,80.800003,82.5,80.112473,3788557
06-08-2021,82.449997,84.599998,82.150002,83.349998,80.937874,4184336
09-08-2021,85,85.699997,80.599998,81.150002,78.801544,2593281
10-08-2021,81.599998,83,77.550003,78.099998,75.839806,3317913
11-08-2021,78.849998,81,77.449997,80.650002,78.31601,2946090
12-08-2021,80.699997,82,80.099998,81.550003,79.189972,2022050
13-08-2021,81.449997,81.900002,79.849998,80.949997,78.607323,1432157
16-08-2021,81,81.699997,77.699997,79,76.71376,2056423
17-08-2021,79.300003,79.5,76.900002,78,75.742699,1185519
18-08-2021,79,79.599998,77.599998,78.75,76.470993,5370114
20-08-2021,77.650002,78.300003,73.650002,74.150002,72.00412,1691468
23-08-2021,75.150002,75.449997,72.5,73.099998,70.984505,1905197
24-08-2021,73.25,75.650002,73,75.5,73.315048,2636347
25-08-2021,76,76.5,74.900002,75.150002,72.975182,1180948
26-08-2021,75.150002,75.599998,74,74.099998,71.955566,1077371
27-08-2021,74.300003,75.099998,73.25,74.550003,72.392548,2297637
30-08-2021,75,77.150002,74.75,76.949997,74.723083,3311375
31-08-2021,76.949997,78.449997,76,77.349998,75.111511,1760683
01-09-2021,77,78.75,76.800003,78.300003,76.034019,3714601
02-09-2021,78.550003,78.949997,77.800003,78.349998,76.082573,4884156
03-09-2021,78.900002,80.300003,78.25,79.199997,76.907974,3318107
06-09-2021,80,80.150002,78.699997,78.900002,76.616661,1296930
07-09-2021,79.25,79.25,76.75,78.099998,75.839806,1312382
08-09-2021,78.199997,80.5,77.800003,79.349998,77.053635,2570256
09-09-2021,79.349998,79.75,78.75,79.150002,76.859421,927079
13-09-2021,78.550003,79,78,78.25,75.985466,856740
14-09-2021,78.5,79,78.099998,78.650002,76.373894,1059093
15-09-2021,78.25,81.849998,78.25,81.349998,78.99575,3568040
16-09-2021,81.5,86.5,80.400002,85.949997,83.462631,8404556
17-09-2021,86.5,86.599998,81.199997,82.300003,79.918266,5143437
20-09-2021,81.650002,82.199997,78,78.300003,76.034019,2748659
21-09-2021,78.300003,79.050003,76.900002,78.650002,76.373894,2187006
22-09-2021,79.349998,80.150002,78.550003,79.699997,77.393501,2121084
23-09-2021,80,81.099998,79.449997,79.599998,77.296394,1891579
24-09-2021,80.25,80.25,77.699997,77.900002,75.645599,1335057
27-09-2021,78.400002,79.650002,77.800003,78,75.742699,1930538
28-09-2021,78.75,79.650002,78.25,79.400002,77.102188,2159290
29-09-2021,79.349998,82,78.099998,81.650002,79.287071,2493948
30-09-2021,81.949997,83.650002,81.25,81.75,79.384178,1913536
01-10-2021,80.949997,83.5,79.949997,82.449997,80.063919,3264616
04-10-2021,82.949997,84.699997,82.849998,84.349998,81.908936,1698718
05-10-2021,84,84.900002,82.650002,83.300003,80.88932,2062060
06-10-2021,83.900002,85.75,82,82.400002,80.015366,2320761
07-10-2021,83.400002,84.800003,83.150002,84,81.569061,2710375
08-10-2021,84.949997,88.900002,83.349998,88.099998,85.550407,7814254
11-10-2021,89.5,90.150002,87.099998,87.5,84.967773,5244702
12-10-2021,87.599998,88.75,86.300003,88.099998,85.550407,2670725
13-10-2021,88.75,89.150002,87.550003,87.800003,85.259094,2206303
14-10-2021,88.050003,89.349998,88.050003,88.699997,86.133041,1842079
18-10-2021,89.849998,93.5,89.349998,93.050003,90.357162,5111377
19-10-2021,94.25,94.800003,88.5,89.400002,86.81279,3685915
20-10-2021,89,93.150002,86.849998,92.150002,89.483208,6101906
21-10-2021,93.300003,95.900002,91.400002,95.449997,92.687698,5614196
22-10-2021,96.099998,97.449997,93.849998,94.599998,91.862297,3978843
25-10-2021,95.800003,100.199997,94.099998,96.550003,93.755875,10521300
26-10-2021,96.949997,103.349998,96.5,99.900002,97.008926,11424880
27-10-2021,100.949997,103.699997,98.800003,102.550003,99.582237,3549648
28-10-2021,100.300003,101.449997,97.349998,97.849998,95.01825,3169984
29-10-2021,97.5,101.199997,93,97.5,94.678375,5564995
01-11-2021,98.599998,99.400002,97.300003,99.050003,96.183525,1463141
02-11-2021,99.300003,102.800003,99,102.349998,99.388016,3616757
03-11-2021,102.550003,104.349998,100.25,100.900002,97.97998,5180779
04-11-2021,102.5,103.349998,102.199997,102.599998,99.630783,944757
08-11-2021,103,106.400002,101.349998,105.699997,102.641068,5176918
09-11-2021,106.099998,107.150002,104.650002,106.349998,103.272263,4166530
10-11-2021,105.449997,108,99.199997,100.650002,97.737221,6168890
11-11-2021,102.300003,103.050003,100.349998,101.300003,98.368408,3467707
12-11-2021,102.5,102.75,99.800003,101.300003,98.368408,2396477
15-11-2021,102.25,102.5,98,98.900002,96.037865,1777329
16-11-2021,98.900002,99.900002,96.050003,96.650002,93.852974,2548080
17-11-2021,96.150002,98.849998,95.5,97.599998,94.775482,1724740
18-11-2021,97.199997,98.699997,95.650002,96.199997,93.415993,2805878
22-11-2021,96.900002,96.949997,89.5,90.849998,88.220825,3113280
23-11-2021,90.900002,93.800003,89.449997,93.349998,90.648476,2555397
24-11-2021,93.5,95.25,93,93.400002,90.697029,1974566
25-11-2021,93.050003,93.599998,92.050003,93,90.308609,2809101
26-11-2021,92,92,88,88.900002,86.327263,2538111
29-11-2021,87.599998,88.599998,85.050003,86.199997,83.705391,3140611
30-11-2021,86.25,88.75,85.199997,85.75,83.268417,1877521
01-12-2021,86.150002,88.25,85.699997,87.650002,85.113434,2547158
02-12-2021,87.5,88.400002,86.449997,88.099998,85.550407,1752305
03-12-2021,87.300003,90.599998,87.300003,88.550003,85.987389,2368934
06-12-2021,89,89.900002,86.800003,87.050003,84.5308,1581338
07-12-2021,88.199997,90,87.849998,89.5,86.909897,2056525
08-12-2021,90,92.900002,89.900002,92.25,89.580307,1836815
09-12-2021,92.449997,92.900002,91,92.300003,89.628868,1647424
10-12-2021,91.800003,94.699997,91.150002,94.25,91.52243,2387976
13-12-2021,95,95.349998,92.900002,93.150002,90.454269,1662171
14-12-2021,92.5,93,91.050003,92.349998,89.677414,1077721
15-12-2021,91.800003,93.050003,89.949997,90.25,87.638191,1271460
16-12-2021,91.199997,91.75,88.050003,88.650002,86.084496,1607263
17-12-2021,88.349998,88.550003,84.550003,84.849998,82.394463,2224278
20-12-2021,84.300003,84.300003,79.150002,80.099998,77.781929,2259749
21-12-2021,80.5,82.25,78.5,78.949997,76.665207,1608365
22-12-2021,78.949997,81.849998,78.699997,79.900002,77.587715,3250935
23-12-2021,80.5,82,80.199997,81.25,78.898651,1641571
24-12-2021,81.650002,81.699997,78.699997,79.449997,77.150734,2115154
27-12-2021,78.349998,80.150002,77,79.75,77.442055,1789695
28-12-2021,80.849998,81.199997,80.099998,80.800003,78.46167,1195177
29-12-2021,80.75,81.449997,80.300003,80.949997,78.607323,990376
30-12-2021,80.5,80.650002,79.599998,80.099998,77.781929,1697815
31-12-2021,80.300003,82.300003,80.199997,81.949997,79.578384,1167365
03-01-2022,81.949997,84,81.599998,83.75,81.326302,1763215
04-01-2022,84.199997,84.650002,83.150002,83.900002,81.471962,1363156
05-01-2022,83.599998,85.849998,83.400002,84.949997,82.49157,2217784
06-01-2022,83.400002,87.25,83.300003,86.599998,84.093819,2630066
07-01-2022,87,88.550003,86.5,87.599998,85.06488,2834391
10-01-2022,88,92.449997,87.949997,92.150002,89.483208,3604375
11-01-2022,92.5,92.949997,91.349998,92.099998,89.434647,2130211
12-01-2022,92.949997,93.5,92.099998,92.75,90.065842,1216765
13-01-2022,92.800003,94.599998,92.199997,93.900002,91.182564,1858412
14-01-2022,93.800003,94.599998,92.900002,93.599998,90.891243,1224917
17-01-2022,93.099998,94.699997,93,93.75,91.036903,1318028
18-01-2022,94.099998,95.800003,91.650002,92.199997,89.531754,2523293
19-01-2022,92.5,96.349998,91.550003,95.849998,93.076126,1746486
20-01-2022,95.949997,97.5,95.550003,96.650002,93.852974,3082260
21-01-2022,95.599998,95.650002,91.5,92.599998,89.920181,1962463
24-01-2022,92.599998,93.599998,90.699997,92.599998,89.920181,2601209
25-01-2022,91.849998,99.650002,91.550003,98.5,95.649437,5072707
27-01-2022,96.400002,104,96,103.5,100.504738,7884745
28-01-2022,104.300003,106.449997,102.699997,103.25,100.261971,4377863
31-01-2022,104,108.349998,103.050003,107.550003,104.437538,3441588
01-02-2022,109.400002,109.400002,102.449997,106.099998,103.029495,6480923
02-02-2022,107,110.199997,106.199997,109.349998,106.18544,2889331
03-02-2022,109.199997,111.900002,108.550003,109.599998,106.428207,3531900
04-02-2022,109.900002,111.300003,106.099998,106.599998,103.515022,3408617
07-02-2022,108.900002,117.25,108.25,112.849998,109.584152,12639740
08-02-2022,113.699997,118.349998,111.5,117.900002,114.488007,5720551
09-02-2022,118.349998,118.849998,114.5,114.849998,111.526268,3055455
10-02-2022,115.25,116.349998,113.650002,114.75,111.429169,2653552
11-02-2022,113.800003,115.5,112.400002,113.5,110.21534,2204638
14-02-2022,null,null,null,null,null,null
15-02-2022,106.5,110.5,104,110.199997,107.010841,4559465
16-02-2022,111,111.300003,106.699997,107,103.90345,2707729
17-02-2022,108,108.349998,105.349998,105.650002,102.592522,1985176
18-02-2022,105.650002,107.699997,105,105.400002,102.349754,1696304
21-02-2022,104,106.050003,102.800003,103.800003,100.796059,2439410
22-02-2022,101.400002,105.699997,99.5,104.650002,101.62146,3291436
23-02-2022,105.599998,109,104.949997,107.699997,104.583191,2369873
24-02-2022,102.550003,105.599998,100.050003,100.550003,97.640114,3995037
25-02-2022,103.599998,108.550003,103.199997,106.849998,103.75779,5752756
28-02-2022,104.199997,107.949997,104.199997,106.550003,103.466476,3201014
02-03-2022,106.199997,106.349998,101.400002,102.949997,99.97065,2999571
03-03-2022,104.800003,105.300003,102.150002,102.650002,99.679337,2623365
04-03-2022,101,103.150002,100.050003,100.5,97.59156,3226622
07-03-2022,98.699997,100.199997,91,92.699997,90.017288,5762150
08-03-2022,93.550003,98.449997,92.25,97.050003,94.241402,4480374
09-03-2022,97.949997,99.150002,96.699997,98.800003,95.940758,3009332
10-03-2022,101.800003,105.449997,101.25,101.900002,98.951042,3906193
11-03-2022,101.900002,104.599998,100.949997,104.400002,101.378693,3146116
14-03-2022,105.099998,107.449997,103.550003,106.900002,103.806343,3376350
15-03-2022,107.699997,108.900002,105.25,105.900002,102.835281,2681209
16-03-2022,107.099998,108.599998,106.900002,107.699997,104.583191,1674508
17-03-2022,109.199997,109.650002,107.400002,107.949997,104.825951,1953191
21-03-2022,108,108.349998,105.699997,106.650002,103.563583,1435345
22-03-2022,106.400002,107.5,103.5,106.800003,103.709244,2042201
23-03-2022,107.650002,109.050003,105.949997,106.25,103.175156,1677031
24-03-2022,105.949997,108.050003,105.050003,106.099998,103.029495,1702230
25-03-2022,106.5,109,106.300003,108.599998,105.457146,1598981
28-03-2022,108.699997,112.849998,107.300003,112,108.758751,2980774
29-03-2022,112,113.099998,110.75,111.5,108.273224,1905375
30-03-2022,112.199997,114.900002,112.099998,114.099998,110.797974,1776138
31-03-2022,113.199997,113.400002,111.099998,111.599998,108.370323,1794512
01-04-2022,112.699997,116.349998,111.300003,115.949997,112.594437,2287872
04-04-2022,115.75,116.949997,115.300003,116.050003,112.691551,2310204
05-04-2022,116.75,117.849998,114.5,116.050003,112.691551,1445673
06-04-2022,115.650002,120.949997,115.099998,119.800003,116.333023,3248898
07-04-2022,120,122.599998,118,119.199997,115.750381,2346063
08-04-2022,119.349998,120.900002,118,120.349998,116.867104,1775412
11-04-2022,121,122.650002,119.599998,120.349998,116.867104,1159675
12-04-2022,120,120.900002,117.199997,120.150002,116.672897,1585980
13-04-2022,121.300003,121.449997,119.150002,119.400002,115.944595,1046324
18-04-2022,119,119,113.25,113.900002,110.603767,1959904
19-04-2022,115.650002,116.699997,111.550003,113.25,109.97258,1393250
20-04-2022,114.050003,114.5,111.449997,112.550003,109.292839,1219457
21-04-2022,114,114.449997,113.050003,113.849998,110.555214,723308
22-04-2022,113.699997,113.900002,111.199997,111.449997,108.224663,713533
25-04-2022,110.099998,112.5,109.099998,111.199997,107.981903,1077226
26-04-2022,113,115.849998,112.550003,115.449997,112.10891,1696482
27-04-2022,114.5,116.550003,112.800003,116.099998,112.740097,1000622
28-04-2022,116.550003,116.849998,114.75,115.699997,112.351669,822303
29-04-2022,115.699997,117.300003,112.349998,112.900002,109.632706,735524
02-05-2022,null,null,null,null,null,null
04-05-2022,113.099998,115.25,107.5,108.150002,105.020172,2020560
05-05-2022,109.949997,110.449997,105.400002,105.849998,102.786728,1835369
06-05-2022,104.199997,105.699997,102,104.900002,101.864227,1772211
09-05-2022,104.75,104.75,101.599998,103.25,100.261971,1205444
10-05-2022,102,105.099998,100.300003,101,98.077087,1312817
11-05-2022,101.800003,102.25,97.25,101.25,98.319855,1905421
12-05-2022,100.150002,100.25,95.449997,96.050003,93.27034,1607026
13-05-2022,97.75,99.349998,94,94.949997,92.202171,2003007
16-05-2022,96.699997,100.400002,94.550003,99.849998,96.960365,1808337
17-05-2022,100.75,102.849998,99.550003,102.300003,99.33947,1572499
18-05-2022,102.300003,102.699997,99.099998,99.449997,96.571945,1440264
19-05-2022,96.699997,97.949997,95.199997,96.400002,93.610214,1309383
20-05-2022,98.449997,99.949997,98,99.449997,96.571945,1223199
23-05-2022,99.900002,101,96.849998,97.199997,94.387054,1139690
24-05-2022,97.199997,98.300003,95.25,95.800003,93.02758,1186708
25-05-2022,96,97.599998,93,93.900002,91.182564,1605050
26-05-2022,94.900002,99.099998,92.550003,98.349998,95.503777,2313055
27-05-2022,99.050003,99.900002,98.150002,98.699997,95.843643,1187772
30-05-2022,99.900002,101.949997,99.599998,101.550003,98.611176,1399067
31-05-2022,101.050003,102.400002,99.800003,100.150002,97.251686,874690
01-06-2022,100.949997,102.449997,99.949997,101.900002,98.951042,707590
02-06-2022,102,105.849998,102,103.650002,100.650398,2333639
03-06-2022,104.800003,105.25,101.949997,102.150002,99.19381,943103
06-06-2022,102,102.5,99.25,102.050003,99.096703,893498
07-06-2022,101.650002,103.25,100.900002,101.900002,98.951042,815762
08-06-2022,102.5,105.349998,101.400002,103.5,100.504738,1562215
09-06-2022,103.199997,105.300003,102.150002,105.050003,102.009888,701104
10-06-2022,103.199997,105.449997,103,105.099998,102.058434,865130
13-06-2022,102.800003,103,98.5,99.900002,97.008926,1265475
14-06-2022,99.5,102.099998,99.199997,100.550003,97.640114,522620
15-06-2022,100.599998,102.099998,99.400002,99.949997,97.057472,535976
16-06-2022,101.699997,102.099998,97.050003,97.550003,94.726936,720946
17-06-2022,96.150002,96.800003,94,95.199997,92.444939,1319153
20-06-2022,95.199997,95.949997,89.900002,91.099998,88.463593,1425972
21-06-2022,91.849998,97.349998,91.849998,96.050003,93.27034,1340886
22-06-2022,96,96.599998,94.25,95.400002,92.639153,918370
23-06-2022,95,97.75,94.400002,96.400002,93.610214,966884
24-06-2022,96.949997,100.300003,96.650002,99.949997,97.057472,1409375
27-06-2022,101,101.75,99.550003,99.949997,97.057472,748425
28-06-2022,99.650002,101.800003,99.599998,101.449997,98.514061,584584
29-06-2022,100.699997,101.75,99.550003,101.099998,98.174194,506414
30-06-2022,101.199997,102.300003,97.099998,97.349998,94.532715,803065
01-07-2022,97.800003,97.800003,95.699997,96.900002,94.095741,764144
04-07-2022,97.650002,99.900002,97.050003,98.449997,95.600883,594024
05-07-2022,99,100.75,98.400002,98.650002,95.795097,842632
06-07-2022,98.699997,100.650002,98.699997,99.449997,96.571945,881943
07-07-2022,100.699997,105.75,100.699997,105.050003,102.009888,2794547
08-07-2022,105.900002,106.300003,103.949997,105.599998,102.543961,1170149
11-07-2022,104.199997,109.900002,104.199997,109.550003,106.379654,2240948
12-07-2022,108.900002,110.449997,108.199997,109.199997,106.03978,1531784
13-07-2022,109.25,110.5,108.150002,108.449997,105.311485,792900
14-07-2022,108.400002,108.400002,103.75,105.199997,102.15554,1880602
15-07-2022,106.400002,106.400002,103.349998,104.050003,101.038826,1261346
18-07-2022,105,108.300003,104.349998,108,104.874512,1176499
19-07-2022,107.900002,113,107.099998,112.650002,109.389938,2289555
20-07-2022,113.849998,114.449997,111.300003,112.050003,108.807304,1331047
21-07-2022,111.199997,114.25,111.199997,113.949997,110.652313,1173352
22-07-2022,114.900002,116.449997,113.699997,116.050003,112.691551,1620495
25-07-2022,115.099998,116.75,114.25,115.150002,111.817589,931017
26-07-2022,115.900002,116.900002,114.599998,116.550003,113.177078,1016710
27-07-2022,116.199997,118.699997,116.199997,118.199997,114.77932,1235806
28-07-2022,118.599998,119.849998,116.5,117.199997,113.808258,1435657
29-07-2022,118,119.699997,115.599998,116.25,112.885757,1583817
01-08-2022,118.050003,118.349998,113.349998,116.400002,113.031418,2082706
02-08-2022,116.300003,123.5,116,121.699997,118.178032,3682022
03-08-2022,121.699997,122.449997,119.199997,121.050003,117.546852,1055781
04-08-2022,120.699997,122.349998,116.150002,118.599998,115.167747,2346430
05-08-2022,118.75,120.5,117.599998,117.900002,114.488007,2099180
08-08-2022,117.599998,119.650002,116.449997,118.25,114.827881,1044370
10-08-2022,118,119.650002,117.699997,118.650002,115.216301,981590
11-08-2022,118.800003,124.300003,118.800003,123.199997,119.634621,2740176
12-08-2022,123.099998,124.099998,122.400002,123.150002,119.586075,1251670
16-08-2022,123.5,125.199997,121.050003,121.650002,118.129486,1602162
17-08-2022,122.599998,127,121.400002,126.599998,122.936226,2254485
18-08-2022,125.400002,126.949997,123.150002,123.900002,120.314369,1550587
19-08-2022,124,124.400002,119.550003,120.25,116.769997,1760217
22-08-2022,120.199997,120.199997,117.699997,118.25,114.827881,964171
23-08-2022,116.300003,123.900002,116.300003,123.449997,119.877388,1775822
24-08-2022,123,124.5,121.050003,123.599998,120.023048,1576016
25-08-2022,123.449997,128,123.449997,125.800003,122.159386,2613166
26-08-2022,126.5,129.550003,126.5,128.350006,124.63559,1432144
29-08-2022,122.5,126.900002,122.150002,126.349998,122.693466,1504422
30-08-2022,127.099998,131.25,127.099998,130.850006,127.06324,1784353
01-09-2022,129.949997,133.899994,129.5,133.449997,129.587997,1711235
02-09-2022,134.699997,134.699997,130.800003,131.100006,127.306007,912228
05-09-2022,131,134.800003,131,133.850006,129.976425,787835
06-09-2022,134.199997,135.550003,132.100006,133.350006,129.490891,1243256
07-09-2022,133.050003,134.649994,132.649994,134.199997,130.316284,605930
08-09-2022,135,139.850006,135,138.399994,134.39473,2034590
09-09-2022,139.399994,141.699997,137.649994,138,134.006317,1742543
12-09-2022,138.649994,139.949997,138.449997,138.850006,134.831726,744355
13-09-2022,139.899994,140,138.300003,138.649994,134.637497,651069
14-09-2022,135.300003,141.850006,135.25,140.399994,136.336853,1375737
15-09-2022,140.449997,141.699997,139,140.100006,136.045547,812784
16-09-2022,139.800003,141.050003,134.600006,137.25,133.27803,1561920
19-09-2022,136.5,143.399994,136.399994,140.949997,136.870941,1683529
20-09-2022,142.399994,143.350006,141.300003,141.600006,137.502136,715929
21-09-2022,141.399994,143.199997,140.050003,141.300003,137.210815,894889
22-09-2022,139.899994,141.699997,135.800003,138.399994,134.39473,1485747
23-09-2022,138.5,138.949997,131.649994,132.399994,128.568375,1426120
26-09-2022,129.600006,130.300003,124.5,128.100006,124.39283,1331032
27-09-2022,129.649994,131.399994,126.550003,127.550003,123.858742,1188808
28-09-2022,126.199997,128.25,124,126.349998,122.693466,990378
29-09-2022,128.350006,130.25,125.150002,127.449997,123.761627,977105
30-09-2022,127.099998,133.699997,126.349998,132.399994,128.568375,2505734
03-10-2022,131.399994,133.699997,126.900002,128,124.295715,1625487
04-10-2022,131,134.199997,130.649994,133.899994,130.024963,2262992
06-10-2022,134.100006,135.899994,134.100006,134.899994,130.996033,1008253
07-10-2022,134.149994,135.550003,130.5,135.25,131.335907,2033906
10-10-2022,131.75,134.449997,131.649994,132.100006,128.277069,2367981
11-10-2022,132.699997,133.050003,129.149994,129.699997,125.946518,663661
12-10-2022,130.050003,133.300003,129.5,132.949997,129.102463,1036500
13-10-2022,131.800003,132.75,129.199997,129.949997,126.189278,842972
14-10-2022,132.5,134.199997,130.050003,130.449997,126.674812,962020
17-10-2022,130.100006,136.949997,129.649994,136.199997,132.258408,3207535
18-10-2022,137.100006,141.75,136.699997,140.699997,136.628174,3438596
19-10-2022,140.649994,141.149994,137.149994,137.800003,133.812103,1618243
20-10-2022,136.600006,141.800003,135.699997,140.800003,136.725296,2254024
21-10-2022,140.699997,144.899994,140.600006,143.550003,139.395706,2305723
24-10-2022,144.850006,145.350006,143.949997,144.350006,140.172562,301505
25-10-2022,143.350006,151.649994,142.449997,148.399994,144.105331,1883873
27-10-2022,148.399994,150.300003,147.350006,149.699997,145.367722,1320236
28-10-2022,149.699997,151.199997,146.149994,146.850006,142.600204,1098185
31-10-2022,147.699997,148.600006,145.050003,147.75,143.474152,1098885
01-11-2022,148.050003,151.75,146.649994,147.649994,143.377045,1420053
02-11-2022,147,148.600006,146.050003,147,142.745865,743139
03-11-2022,145.600006,149.899994,145.600006,148.149994,143.862579,1004294
04-11-2022,149.899994,149.899994,143.649994,144.550003,140.36676,1567374
07-11-2022,159,161.75,151.949997,158.350006,153.767395,9508311
09-11-2022,159.199997,166.899994,157.300003,166.300003,161.48732,4042444
10-11-2022,166,168.199997,163.399994,165.449997,160.661926,2798700
11-11-2022,168,168.649994,161.399994,161.75,157.069,1900277
14-11-2022,161.649994,165.050003,159.899994,163.949997,159.205322,1497221
15-11-2022,164.300003,165.449997,161.800003,162.949997,158.234268,1596603
16-11-2022,164,165.100006,162.100006,163.350006,158.622696,1091946
17-11-2022,162.600006,164.899994,162.600006,163.649994,158.914001,1607529
18-11-2022,164.399994,165.75,161.800003,162.800003,158.088623,1446734
21-11-2022,161.699997,164.300003,161.149994,161.850006,157.166107,1090777
22-11-2022,162.199997,167.350006,162,166.800003,161.972855,922881
23-11-2022,167.899994,170.300003,166.25,168.800003,163.914978,1509263
24-11-2022,169.300003,171.949997,168.899994,170.399994,165.468658,905155
25-11-2022,170.699997,172.649994,166.850006,167.800003,162.943924,1429555
28-11-2022,168.350006,168.800003,166,167.800003,162.943924,1355244
29-11-2022,168.399994,169.5,167.149994,167.75,162.895355,644146
30-11-2022,169.199997,169.199997,164.5,166.199997,161.390213,663705
01-12-2022,167.75,172.550003,166.399994,171.800003,166.828156,1511726
02-12-2022,171.550003,174.25,170.649994,171.199997,166.245514,1383852
05-12-2022,171.25,172.449997,170.300003,172,167.022369,797677
06-12-2022,172.5,176.100006,172.449997,174.449997,169.401459,2007462
07-12-2022,175.199997,176.850006,173.399994,176.5,171.392136,1269518
08-12-2022,176.649994,189.399994,176.649994,188.050003,182.607895,3591917
09-12-2022,188.699997,197.199997,184.75,188.550003,183.093414,3856696
12-12-2022,188.199997,190.699997,185.699997,190.100006,184.598572,1321489
13-12-2022,190.699997,194.649994,190,193.050003,187.463196,1319813
14-12-2022,194.5,194.949997,191,191.600006,186.055161,1141594
15-12-2022,191.600006,193.199997,183.850006,184.600006,179.257736,1287414
16-12-2022,184,184.899994,181,182,176.732971,1264929
19-12-2022,182.199997,184.199997,180.899994,182.5,177.218506,824291
20-12-2022,182.5,184.75,179.149994,183.649994,178.33522,736977
21-12-2022,184.25,186.600006,175.649994,177.550003,172.411758,1786393
22-12-2022,178.100006,180.100006,173.699997,176.550003,171.440689,1679072
23-12-2022,173.550003,175.550003,168.050003,169,164.109192,1032447
26-12-2022,168.550003,178.149994,167.25,177.100006,171.974777,859073
27-12-2022,178.699997,178.699997,174.899994,177.699997,172.557404,857285
28-12-2022,177.5,184.949997,176.550003,181.5,176.247437,1666225
29-12-2022,181.050003,187,179.199997,185.350006,179.986023,964797
30-12-2022,186.649994,188.399994,184.100006,185.649994,180.277328,1553339
02-01-2023,186.5,187.800003,185.149994,186.25,180.85997,610996
03-01-2023,186.25,189.850006,186.25,187.5,182.073807,855833
04-01-2023,187.350006,188.600006,181.25,182.699997,177.412704,1235131
05-01-2023,183.850006,185.550003,181.449997,184.399994,179.063507,1115002
06-01-2023,184.449997,185.199997,181.149994,183.199997,177.898239,723938
09-01-2023,184.100006,187.75,182.449997,185.25,179.888916,617605
10-01-2023,185.5,185.600006,178.25,180.5,175.276382,914511
11-01-2023,181,182.300003,177.149994,181.399994,176.15033,662789
12-01-2023,182.199997,183,179.699997,181.800003,176.538757,679106
13-01-2023,181.949997,185.199997,181.300003,184.899994,179.549042,895447
16-01-2023,185.100006,188,184.600006,185.75,180.374451,970159
17-01-2023,185.75,186.699997,179.300003,181.75,176.490204,933209
18-01-2023,182.199997,182.5,177.399994,178.199997,173.042938,668252
19-01-2023,177.550003,178.25,176,177.949997,172.800171,380958
20-01-2023,178.100006,181.75,177.850006,179.449997,174.25676,999480
23-01-2023,180.75,182.050003,179.949997,180.600006,175.373489,528183
24-01-2023,181,182.149994,177.600006,177.949997,172.800171,473442
25-01-2023,178.199997,178.550003,166.350006,169.800003,164.886032,1537235
27-01-2023,170.5,170.550003,156.100006,157.300003,152.747787,2258975
30-01-2023,156.699997,163.75,153.050003,158.5,153.913055,2451534
31-01-2023,160.300003,168.649994,159.5,167.899994,163.041016,1665240
01-02-2023,169.600006,169.949997,151.149994,154.300003,149.83461,4113116
02-02-2023,151.649994,156.399994,146.5,154.100006,149.640396,2161693
03-02-2023,157.149994,164.350006,151.699997,163.649994,158.914001,4804750
06-02-2023,165.399994,168.699997,163.649994,167.800003,162.943924,2578954
07-02-2023,168,170.449997,166.800003,168.5,163.623657,1033101
08-02-2023,168.5,169.399994,166.100006,168,163.138123,842081
09-02-2023,167.550003,170.899994,163.949997,169.399994,164.497604,1299066
10-02-2023,170,173.850006,168.600006,169.300003,164.400513,1483499
13-02-2023,169.350006,170.649994,164.149994,165.199997,160.419159,1202815
14-02-2023,166,169.300003,163.699997,168.75,163.866425,1308651
15-02-2023,168.350006,169.899994,167.600006,169.550003,164.64328,661315
16-02-2023,170,171.350006,169.300003,169.949997,165.031693,832835
17-02-2023,168.699997,169.100006,164.699997,166.75,161.924301,567390
20-02-2023,167.550003,168.449997,163.399994,164.300003,159.545212,1133326
21-02-2023,164.25,164.5,159.550003,159.949997,155.321091,1645780
22-02-2023,158.699997,159.399994,155.649994,157.199997,152.650665,1163673
23-02-2023,157.300003,158.300003,153.149994,155.550003,151.048431,1463242
24-02-2023,156.800003,157.75,153.75,154.600006,150.125931,961764
27-02-2023,153.600006,159.350006,153.600006,159,154.39859,1376262
28-02-2023,160.050003,161.149994,157.25,159.25,154.641342,2219807
01-03-2023,157.949997,164.699997,157.800003,164.399994,159.642303,1563715
02-03-2023,164.149994,166.25,162.800003,164.649994,159.885071,1003969
03-03-2023,166.800003,173.600006,166.800003,172.949997,167.94487,3039056
06-03-2023,173.149994,176.399994,172.5,173.149994,168.139084,1427988
08-03-2023,170.600006,174.600006,170.600006,174,168.964493,951533
09-03-2023,174.5,174.949997,170.949997,171.5,166.536835,606323
10-03-2023,170.350006,170.350006,166.050003,167.800003,162.943924,733707
13-03-2023,167,170,163.5,163.899994,159.156769,1075204
14-03-2023,162.800003,164.850006,161,162.5,157.797302,819605
15-03-2023,164.699997,164.899994,158.699997,159.300003,154.689911,934699
16-03-2023,158.550003,161.399994,155.649994,159.649994,155.02977,1473871
17-03-2023,161.800003,162.649994,158.25,160,155.369644,740581
20-03-2023,158.050003,159.649994,155.75,158.699997,154.107269,739269
21-03-2023,159.300003,163.449997,159.300003,163.050003,158.331375,682302
22-03-2023,164.350006,168.199997,163.350006,167.449997,162.604034,1050456
23-03-2023,166.100006,167.050003,162.25,162.699997,157.991501,935098
24-03-2023,162.149994,163.899994,159.149994,159.800003,155.17543,771376
27-03-2023,159.300003,162.300003,158.649994,161.25,156.583466,1182968
28-03-2023,161.800003,161.800003,158.850006,160.75,156.097946,928256
29-03-2023,160.199997,164.949997,160.100006,164.5,159.73941,1020170
31-03-2023,165.25,169.699997,165.25,168.800003,163.914978,1192104
03-04-2023,169,170.199997,168.100006,169.199997,164.303391,602010
05-04-2023,169.149994,169.699997,165.100006,167.100006,162.264175,1247527
06-04-2023,167.199997,169.199997,165.449997,166.850006,162.021408,1263046
10-04-2023,167.199997,168.100006,165.399994,166.199997,161.390213,350068
11-04-2023,173,173.699997,170.199997,170.850006,165.905655,1211527
12-04-2023,171,172.100006,169.25,170.350006,165.42012,646288
13-04-2023,170,171.850006,168.550003,171.300003,166.342621,514040
17-04-2023,169.149994,176.649994,169.149994,176.300003,171.197937,821950
18-04-2023,177.050003,178.800003,175.800003,177.850006,172.703079,891579
19-04-2023,178.100006,179.050003,176.399994,177.149994,172.023315,793858
20-04-2023,177,178.75,176.300003,177.600006,172.460312,583632
21-04-2023,177.600006,177.899994,174.649994,176.350006,171.24649,440906
24-04-2023,176.350006,180.550003,176.350006,180.199997,174.985062,710648
25-04-2023,180.75,184.899994,180.25,184.149994,178.82074,1321188
26-04-2023,184,184.199997,181.899994,183.550003,178.238113,928450
27-04-2023,183.199997,186,183.199997,185.699997,180.325897,886750
28-04-2023,185.699997,188.350006,185.5,187.800003,182.365128,684993
02-05-2023,188.5,189.399994,187.199997,188.100006,182.656448,880522
03-05-2023,182.600006,185.100006,180.899994,184.600006,179.257736,1053912
04-05-2023,184.75,186.149994,183.699997,185.199997,179.840363,983245
05-05-2023,185.199997,188.300003,183,183.399994,178.092453,1135916
08-05-2023,184.100006,185.199997,178.800003,182.949997,177.655472,1839498
09-05-2023,184,184.800003,176.399994,177.649994,172.50885,1405819
10-05-2023,175.850006,179,172.850006,178.449997,173.285706,924826
11-05-2023,179.75,180.850006,178,178.5,173.334259,1431322
12-05-2023,178.5,180.550003,177.699997,178.800003,173.62558,761631
15-05-2023,178.550003,184.600006,177.399994,183.800003,178.480881,1321028
16-05-2023,185.5,188.449997,183.949997,186.350006,180.957092,1916637
17-05-2023,189.649994,190.050003,183.800003,185.850006,180.471558,1325875
18-05-2023,null,null,null,null,null,null
19-05-2023,181.449997,182.25,178,181.899994,176.635864,1000027
22-05-2023,182.050003,182.199997,179.350006,181,175.761917,681860
23-05-2023,181.050003,184.649994,181.050003,183.350006,178.043915,610476
24-05-2023,182,185,182,182.600006,177.315613,1086492
25-05-2023,182.5,182.800003,179.850006,181.800003,176.538757,1000317
26-05-2023,180.300003,184.699997,180.300003,183.5,178.18956,658488
29-05-2023,null,null,null,null,null,null
30-05-2023,183.399994,184.5,182.699997,183.600006,178.286667,1225174
31-05-2023,184.149994,185.449997,182.100006,185,179.646149,722287
01-06-2023,184.100006,187.100006,184.100006,184.899994,179.549042,1043361
02-06-2023,185.199997,187.050003,185.100006,186.699997,181.296951,776613
05-06-2023,187,187.649994,185.399994,185.649994,180.277328,261478
06-06-2023,185.75,186.100006,184.350006,185.25,179.888916,341702
07-06-2023,184.850006,188.300003,184.850006,187.350006,181.928146,646848
08-06-2023,187.350006,189.149994,186.100006,187.399994,181.976685,453355
09-06-2023,187.199997,187.75,184.100006,184.899994,179.549042,439818
12-06-2023,184.800003,187.350006,184.699997,187,181.588272,463924
13-06-2023,187.949997,188.5,186.699997,187.25,181.831039,366898
14-06-2023,188.100006,188.449997,186.399994,187.350006,181.928146,478419
15-06-2023,186.149994,187.899994,182.649994,183.449997,178.141006,401124
16-06-2023,183.25,188.300003,183.25,188.100006,182.656448,954077
19-06-2023,188.800003,194.850006,188.199997,193.699997,188.094376,1595163
20-06-2023,195,196.75,193.5,194.949997,189.308197,793945
21-06-2023,195.399994,198.399994,195,198.050003,192.318497,1163651
22-06-2023,198.5,198.5,192.25,193.25,187.657394,746421
23-06-2023,193.5,193.949997,190.600006,192.199997,186.637787,547015
26-06-2023,191.050003,192.5,188.899994,191.149994,185.618164,518277
27-06-2023,191.350006,192.100006,190.649994,191,185.472519,550188
28-06-2023,191.550003,191.850006,189.25,190.050003,184.550003,633204
30-06-2023,186.850006,191,185.649994,190.350006,190.350006,715249
03-07-2023,null,null,null,null,null,null
04-07-2023,null,null,null,null,null,null
05-07-2023,null,null,null,null,null,null
06-07-2023,null,null,null,null,null,null
07-07-2023,204.850006,210.449997,202.350006,208.899994,208.899994,976565
10-07-2023,209.5,210.800003,203,203.5,203.5,822813
11-07-2023,null,null,null,null,null,null
12-07-2023,null,null,null,null,null,null
13-07-2023,null,null,null,null,null,null
14-07-2023,197.149994,200.050003,195,198.350006,198.350006,784693
17-07-2023,198.350006,201.850006,196.600006,201.449997,201.449997,661956
18-07-2023,null,null,null,null,null,null
19-07-2023,198.199997,200.699997,196.5,199.949997,199.949997,763276
20-07-2023,199.949997,202.649994,198.550003,198.949997,198.949997,587044
21-07-2023,198.949997,201.800003,196.25,196.75,196.75,914207
24-07-2023,197.199997,201.550003,197.149994,198.399994,198.399994,1054257
25-07-2023,null,null,null,null,null,null
26-07-2023,196.550003,198.5,195.699997,197.699997,197.699997,763991
27-07-2023,null,null,null,null,null,null
28-07-2023,199,201.699997,197.550003,201.149994,201.149994,772866
31-07-2023,null,null,null,null,null,null
01-08-2023,null,null,null,null,null,null
02-08-2023,null,null,null,null,null,null
03-08-2023,194.75,195.449997,191.100006,193.25,193.25,1725748
04-08-2023,193.850006,196.149994,189.550003,191.449997,191.449997,2033931
07-08-2023,191,193.949997,187.649994,189.449997,189.449997,2383148
08-08-2023,190.149994,196.350006,189.649994,194.850006,194.850006,1672412
09-08-2023,195.350006,195.5,192.449997,194,194,652577
10-08-2023,194.350006,194.75,190.75,191.850006,191.850006,679939
11-08-2023,193,194.5,191.5,192.699997,192.699997,389380
14-08-2023,192.149994,192.449997,187.449997,188.850006,188.850006,1565446
16-08-2023,188.699997,188.699997,185.75,186.649994,186.649994,635456
17-08-2023,187.100006,190.649994,186.350006,189.850006,189.850006,766531
18-08-2023,190.699997,192.5,189.050003,191.649994,191.649994,649010
21-08-2023,191.850006,192.300003,189.949997,190.800003,190.800003,315146
22-08-2023,191.199997,191.850006,189.899994,190.25,190.25,411020
23-08-2023,190.300003,194.649994,190.25,193.350006,193.350006,927354
24-08-2023,193.399994,194.899994,190.699997,191.850006,191.850006,629479
25-08-2023,191,191.800003,188.75,189.75,189.75,573496
28-08-2023,190.050003,190.899994,189.5,190.050003,190.050003,349657
29-08-2023,190.25,191.550003,189.199997,191.199997,191.199997,218456
30-08-2023,191.75,192.399994,191.300003,191.699997,191.699997,481809
31-08-2023,191.699997,192.800003,186.550003,187.199997,187.199997,790527
01-09-2023,187.199997,191.75,186.449997,190.699997,190.699997,2139239
04-09-2023,191,195.800003,190.25,195.350006,195.350006,1576340
05-09-2023,195.550003,198.399994,194.5,195.800003,195.800003,703320
06-09-2023,196,197.550003,194.050003,194.949997,194.949997,576147
07-09-2023,195.5,196.649994,194.5,196.149994,196.149994,422995
08-09-2023,196.899994,200.050003,196.199997,197.75,197.75,555533
11-09-2023,198.399994,204.649994,198.399994,202.850006,202.850006,888069
12-09-2023,204.050003,204.050003,197.850006,199.850006,199.850006,1449994
13-09-2023,199.699997,209.300003,198,208.699997,208.699997,1140224
14-09-2023,209.050003,213.149994,209.050003,211.850006,211.850006,1778462
15-09-2023,212,212.699997,209.350006,210.800003,210.800003,738443
18-09-2023,209.300003,219.600006,209.300003,217.25,217.25,2074831
20-09-2023,216.949997,218.100006,212.949997,213.550003,213.550003,867054
21-09-2023,213,217.5,206.449997,207.100006,207.100006,1466107
22-09-2023,209.300003,218,208.649994,215.399994,215.399994,1336905
25-09-2023,216.050003,219.399994,214.199997,217.449997,217.449997,1125892
26-09-2023,217.050003,218.100006,212.899994,213.649994,213.649994,742657
27-09-2023,213.699997,216.100006,211.800003,214.75,214.75,695667
28-09-2023,215,216.449997,209.899994,210.75,210.75,643963
29-09-2023,212.5,215.300003,212,213.800003,213.800003,567338
03-10-2023,213.899994,218.350006,212,217.850006,217.850006,578934
04-10-2023,217.800003,217.800003,210.850006,212.449997,212.449997,745024
05-10-2023,213.050003,214.5,210.050003,212.5,212.5,558466
06-10-2023,213.899994,216.050003,212.350006,215.300003,215.300003,453156
09-10-2023,211.050003,215.300003,210.399994,211.75,211.75,776543
10-10-2023,211.850006,214.5,211.850006,214.199997,214.199997,568911
11-10-2023,209.600006,210.550003,206.25,207.199997,207.199997,1269350
12-10-2023,208,209.399994,207.5,207.75,207.75,1572376
13-10-2023,206.699997,206.899994,201.149994,203.5,203.5,1769911
16-10-2023,201.149994,206.550003,201.149994,205.75,205.75,1678523
17-10-2023,206,208.050003,206,207.300003,207.300003,857432
18-10-2023,207,208.600006,203.100006,203.699997,203.699997,1256338
19-10-2023,202,206,201.100006,205.199997,205.199997,1155840
20-10-2023,204.899994,205.550003,201.25,202.300003,202.300003,1501286
23-10-2023,202.050003,203.75,193.699997,195.050003,195.050003,1223614
25-10-2023,195.600006,198.300003,193.800003,194.850006,194.850006,1080447
26-10-2023,193.949997,193.949997,187.949997,189.300003,189.300003,2029894
27-10-2023,190.350006,197.5,190.350006,196.899994,196.899994,1365330
30-10-2023,197.25,199.899994,194.550003,198.199997,198.199997,651541
31-10-2023,199.050003,199.699997,195.699997,196.100006,196.100006,355668
01-11-2023,196.25,198.149994,195.100006,195.350006,195.350006,364710
02-11-2023,197.25,200.600006,197,200,200,1234328
03-11-2023,201.5,204.199997,201,203.75,203.75,1555661
06-11-2023,201.5,201.5,194.800003,195.550003,195.550003,1773268
07-11-2023,197.300003,197.300003,190.600006,191.25,191.25,4298392
08-11-2023,193.850006,194,191.550003,192.5,192.5,1691856
09-11-2023,193.449997,194.300003,192.5,193,193,686783
10-11-2023,192.949997,195.25,191.850006,194.850006,194.850006,1370199
13-11-2023,195.100006,197.199997,193.399994,196.699997,196.699997,1271113
15-11-2023,198.5,199.300003,197.25,197.699997,197.699997,1133173
16-11-2023,198,200,196.949997,198.449997,198.449997,1223704
17-11-2023,195.25,197.75,193.850006,196.649994,196.649994,2034223
20-11-2023,197.149994,198.649994,196.050003,197.699997,197.699997,930849
21-11-2023,198,198.699997,194.699997,195.800003,195.800003,851496
22-11-2023,196.800003,196.800003,192.75,194.600006,194.600006,658337
23-11-2023,195,196.600006,194,194.300003,194.300003,255196
24-11-2023,194.5,195.350006,192.699997,193.149994,193.149994,433706
28-11-2023,193,198.5,193,196.5,196.5,870719
29-11-2023,196.949997,198.899994,196.5,197.649994,197.649994,1374932
30-11-2023,197.449997,201.699997,196.399994,197.25,197.25,1564360
01-12-2023,198.699997,203.75,198.550003,201.850006,201.850006,2222276
04-12-2023,204.649994,210.100006,204.649994,209.149994,209.149994,1907435
05-12-2023,209.300003,214.600006,209.25,210.949997,210.949997,2257155
06-12-2023,211.75,211.75,208.050003,209.449997,209.449997,1197293
07-12-2023,209.100006,213.300003,208.050003,211.300003,211.300003,659954
08-12-2023,211.5,215.600006,208.5,212.149994,212.149994,2182986
11-12-2023,213,217.199997,213,215.300003,215.300003,1681661
12-12-2023,216,217.149994,214.050003,216,216,944089
13-12-2023,217.449997,222.600006,214.699997,221,221,1462126
14-12-2023,222.199997,224.300003,219.600006,220,220,889216
15-12-2023,222.899994,226.25,218.649994,224.550003,224.550003,762665
18-12-2023,224.75,227.5,222.899994,224.25,224.25,826478
19-12-2023,225.850006,228.600006,221.600006,226.050003,226.050003,853781
20-12-2023,227.949997,229.550003,217.300003,219.199997,219.199997,1278293
21-12-2023,217.949997,225.899994,214.850006,224.75,224.75,1242722
22-12-2023,225,226.649994,221.399994,223.600006,223.600006,540057
26-12-2023,222.399994,226.699997,222.399994,225.149994,225.149994,830148
27-12-2023,225.449997,233.75,225.449997,232,232,1050292
28-12-2023,234,235.949997,231.600006,233,233,1765906
29-12-2023,233.300003,233.600006,229.399994,231.100006,231.100006,797470
01-01-2024,233.050003,236.75,231.149994,233.899994,233.899994,1125925
02-01-2024,234,235.850006,228.850006,230.550003,230.550003,869835
03-01-2024,232.100006,235.399994,227.350006,232.949997,232.949997,869176
04-01-2024,233.25,240,232.949997,237.800003,237.800003,1205529
05-01-2024,239,239.399994,231,234.449997,234.449997,1080445
08-01-2024,231.600006,231.600006,222.699997,223.449997,223.449997,1754408
09-01-2024,226.899994,227.399994,222.75,223.199997,223.199997,1137489
10-01-2024,223.199997,224.949997,219.449997,223.800003,223.800003,2255023
11-01-2024,225,227.350006,224,226.050003,226.050003,775453
12-01-2024,227,232.100006,225.25,229.850006,229.850006,1312695
15-01-2024,231.850006,233.199997,228.600006,231.25,231.25,1796426
16-01-2024,231.25,234.199997,229.449997,231.199997,231.199997,909100
17-01-2024,229.399994,233.199997,224.649994,225.5,225.5,1338129
18-01-2024,null,null,null,null,null,null
19-01-2024,229.850006,231.5,228.5,230.550003,230.550003,1024368
23-01-2024,234.25,235.699997,221.600006,222.649994,222.649994,1239524
24-01-2024,223.850006,229,219.649994,228.649994,228.649994,1192366
25-01-2024,228,231.350006,223.449997,227.149994,227.149994,24427140
29-01-2024,228,235.75,227.75,233.949997,233.949997,1913360
30-01-2024,234.149994,242.350006,233.850006,237.300003,237.300003,1296500
31-01-2024,239.5,249.850006,232.199997,247.699997,247.699997,1850740
01-02-2024,250,257.450012,242.899994,255.949997,255.949997,2775125
02-02-2024,259.100006,261,254.550003,255.300003,255.300003,1074841
05-02-2024,256.549988,262.399994,255.75,257.5,257.5,1511837
06-02-2024,258,258,246.399994,250.399994,250.399994,1298523
07-02-2024,252.5,252.699997,242.699997,244.850006,244.850006,2263169
08-02-2024,248.949997,256.200012,247,253.100006,253.100006,2156622
09-02-2024,253.75,267,247.5,262.649994,262.649994,4090827
12-02-2024,266.450012,267.350006,253.25,255,255,1110912
13-02-2024,254.25,260.450012,249.199997,259.399994,259.399994,1060996
14-02-2024,255,271.350006,252.449997,268.299988,268.299988,849999
15-02-2024,270.399994,277,269,275.549988,275.549988,1570345
16-02-2024,276.850006,280.850006,274.600006,275.549988,275.549988,630187
19-02-2024,275.549988,277,269.700012,270.75,270.75,565408
20-02-2024,270.600006,274.75,269.850006,273.200012,273.200012,547219
21-02-2024,273.25,279.5,273.049988,275.299988,275.299988,659613
22-02-2024,277,277,270.200012,275.700012,275.700012,683954
23-02-2024,275.700012,280.200012,265.450012,268.899994,268.899994,1081134
26-02-2024,269,272.299988,266.700012,269.600006,269.600006,768066
27-02-2024,269.600006,273,267.399994,270.25,270.25,600321
28-02-2024,270.950012,271.450012,260.799988,261.700012,261.700012,388819
29-02-2024,261.75,267.5,258.350006,265.75,265.75,366613
01-03-2024,266.850006,272.100006,265.399994,271.100006,271.100006,598764
04-03-2024,273.149994,276.200012,272.25,273.299988,273.299988,587799
05-03-2024,273.25,278.549988,272.350006,278,278,978598
06-03-2024,277.350006,284.25,271.350006,282.549988,282.549988,874785
07-03-2024,283.399994,284.5,279.200012,281.799988,281.799988,551009
11-03-2024,282.549988,285.5,276.5,277.399994,277.399994,821549
12-03-2024,277.399994,279.549988,270.799988,271.399994,271.399994,692931
13-03-2024,271.450012,273.350006,258.450012,260.399994,260.399994,486724
14-03-2024,259.200012,263.850006,255.699997,259.25,259.25,425043
15-03-2024,258.850006,261.450012,250.149994,253.800003,253.800003,1080342
18-03-2024,253.699997,257.899994,252.25,254.5,254.5,355505
19-03-2024,254,255.699997,248.449997,249.050003,249.050003,483941
20-03-2024,250.800003,252.899994,243.899994,249.75,249.75,343928
21-03-2024,253.149994,257.25,253.050003,255.75,255.75,191751
22-03-2024,255.800003,261,253.699997,259.850006,259.850006,400012
26-03-2024,257.5,263.75,257.5,261.549988,261.549988,292233
27-03-2024,261,263.75,257.850006,258.850006,258.850006,350084
28-03-2024,259.200012,266.399994,259.049988,264.200012,264.200012,703610
01-04-2024,265.649994,268.149994,265,266.700012,266.700012,452401
02-04-2024,266.399994,272.100006,266.399994,271.399994,271.399994,427440
03-04-2024,270.549988,275.700012,267.700012,274.399994,274.399994,737711
04-04-2024,276.850006,276.850006,268.399994,269.350006,269.350006,813242
05-04-2024,269.799988,270.799988,266.200012,268.700012,268.700012,530710
08-04-2024,271.149994,272.549988,266.899994,267.5,267.5,618027
09-04-2024,269.450012,269.850006,263.700012,265.350006,265.350006,384388
10-04-2024,265.649994,272.200012,265.5,270.549988,270.549988,352851
12-04-2024,270.200012,272.25,267,267.850006,267.850006,551646
15-04-2024,263.299988,266.350006,259.899994,261.350006,261.350006,906272
16-04-2024,259.149994,259.600006,254.050003,254.699997,254.699997,583609
18-04-2024,255,263.450012,255,259.149994,259.149994,526489
19-04-2024,256.149994,257.5,250.949997,256.950012,256.950012,799834
22-04-2024,258.450012,261.799988,257.799988,261.200012,261.200012,542081
23-04-2024,263.350006,263.5,259.700012,260.200012,260.200012,255902
24-04-2024,260.850006,261.950012,258.5,259.200012,259.200012,218905
25-04-2024,259.350006,269.399994,258.799988,268.700012,268.700012,1430806
26-04-2024,270.649994,272.700012,267.399994,268.149994,268.149994,842232
29-04-2024,269.149994,273.799988,264.950012,272.700012,272.700012,1309389
30-04-2024,273.75,284.799988,272.649994,281.600006,281.600006,1990492
02-05-2024,281.75,283.850006,279,279.299988,279.299988,548007
03-05-2024,282.549988,282.549988,274.299988,276,276,313597
06-05-2024,276,276.049988,259.75,265.75,265.75,1514462
07-05-2024,266,268.299988,257.850006,259.200012,259.200012,710238
08-05-2024,259.200012,266.25,258.399994,262.700012,262.700012,596047
09-05-2024,270,271.700012,260,262.649994,262.649994,1925651
10-05-2024,265,266.75,248.550003,255.649994,255.649994,1779907
13-05-2024,260.600006,261.75,251.649994,259,259,1754518
14-05-2024,259.450012,263.149994,257.700012,260.850006,260.850006,415743
15-05-2024,261.549988,267.600006,260.950012,263.899994,263.899994,736196
16-05-2024,265.850006,267,259.100006,263.200012,263.200012,788729
17-05-2024,262.850006,264.600006,260,261.25,261.25,724115
21-05-2024,262.450012,266.700012,260.299988,265.450012,265.450012,587674
22-05-2024,267,267.5,262.399994,263.399994,263.399994,336065
23-05-2024,265.100006,271.899994,264.700012,269.299988,269.299988,1135080
24-05-2024,269.25,272.25,267.799988,269.049988,269.049988,659181
27-05-2024,269.399994,273.299988,265.700012,270.799988,270.799988,972458
28-05-2024,271,271.75,262.799988,264.299988,264.299988,467621
29-05-2024,263.399994,266.149994,262,263.399994,263.399994,368692
